schema,schema_version,entity_type,id,record_json
o015-modular-backend-record,1.0.0,program,program.d90.id-id,"{""schema"":""o015-modular-backend-record"",""schema_version"":""1.0.0"",""entity_type"":""program"",""id"":""program.d90.id-id"",""recorded_at"":""2026-08-21T10:54:38Z"",""responsible_workflow"":""o015-first-unit-backend-v1"",""status"":""active"",""language"":""id"",""locale"":""id-ID"",""title"":""Kurikulum Matematika — Edisi Bahasa Indonesia"",""version"":""2026-08-21"",""publication_state"":""working""}"
o015-modular-backend-record,1.0.0,course,course.d90.advanced-optimization-convex-analysis,"{""schema"":""o015-modular-backend-record"",""schema_version"":""1.0.0"",""entity_type"":""course"",""id"":""course.d90.advanced-optimization-convex-analysis"",""recorded_at"":""2026-08-21T10:54:38Z"",""responsible_workflow"":""o015-first-unit-backend-v1"",""status"":""active"",""program_id"":""program.d90.id-id"",""role"":""D90"",""title"":""Analisis Optimisasi Lanjut dan Konveks"",""prerequisite_ids"":[""concept.convex-function"",""concept.epigraph"",""concept.frechet-derivative"",""concept.hilbert-space""],""scope_note"":""O015 excludes LP/IP, simplex, finite-dimensional LP duality, and OR modeling already owned by O018.""}"
o015-modular-backend-record,1.0.0,resource,resource.habring.convex-optimization-notes,"{""schema"":""o015-modular-backend-record"",""schema_version"":""1.0.0"",""entity_type"":""resource"",""id"":""resource.habring.convex-optimization-notes"",""recorded_at"":""2026-08-21T10:54:38Z"",""responsible_workflow"":""o015-first-unit-backend-v1"",""status"":""admitted"",""title"":""Lecture Notes: Convex Optimization"",""creator"":""Andreas Habring"",""source_language"":""en"",""official_record"":""https://arxiv.org/abs/2607.11664v1"",""official_pdf_url"":""https://arxiv.org/pdf/2607.11664v1"",""official_source_url"":""https://arxiv.org/e-print/2607.11664v1"",""doi"":""10.48550/arXiv.2607.11664"",""rights_id"":""rights.o015-habring-text"",""authority_record_id"":""o015-habring-arxiv-2607.11664v1""}"
o015-modular-backend-record,1.0.0,edition,edition.habring.convex-optimization.arxiv-2607-11664v1,"{""schema"":""o015-modular-backend-record"",""schema_version"":""1.0.0"",""entity_type"":""edition"",""id"":""edition.habring.convex-optimization.arxiv-2607-11664v1"",""recorded_at"":""2026-08-21T10:54:38Z"",""responsible_workflow"":""o015-first-unit-backend-v1"",""status"":""source_frozen"",""resource_id"":""resource.habring.convex-optimization-notes"",""edition_kind"":""immutable_source"",""version"":""arXiv:2607.11664v1"",""submitted_utc"":""2026-07-13T15:08:35Z"",""cover_date"":""2026-07-14"",""language"":""en"",""rights_id"":""rights.o015-habring-text"",""authority_url"":""https://arxiv.org/abs/2607.11664v1"",""source_archive"":{""path"":""authority/habring/2607.11664v1-source.tar"",""bytes"":230116,""sha256"":""d9a22d09d0245bd7bfe4d162dab6ea4bb77552c6cec9e41820db7861b45b6748""},""source_tree"":{""path"":""authority/habring/source-v1"",""files"":22,""bytes"":383054,""manifest_sha256"":""9c87aa3dda15b09f52d52d6035165b16800fec7a2952548f4fa036d24fbc51b8""}}"
o015-modular-backend-record,1.0.0,edition,edition.habring.convex-optimization.id-id.v1,"{""schema"":""o015-modular-backend-record"",""schema_version"":""1.0.0"",""entity_type"":""edition"",""id"":""edition.habring.convex-optimization.id-id.v1"",""recorded_at"":""2026-08-21T10:54:38Z"",""responsible_workflow"":""o015-first-unit-backend-v1"",""status"":""built"",""resource_id"":""resource.habring.convex-optimization-notes"",""edition_kind"":""derivative"",""version"":""working-id-ID-unit-v1"",""language"":""id"",""locale"":""id-ID"",""source_edition_id"":""edition.habring.convex-optimization.arxiv-2607-11664v1"",""rights_id"":""rights.o015-habring-id-unit"",""translation_state"":""built"",""attribution_url"":""https://arxiv.org/abs/2607.11664v1"",""license_url"":""https://creativecommons.org/licenses/by/4.0/"",""non_endorsement"":""Independent Indonesian translation; not an official work or endorsement by Andreas Habring or TU Graz."",""publication_state"":""unpublished_working_edition""}"
o015-modular-backend-record,1.0.0,unit,unit.habring.v1,"{""schema"":""o015-modular-backend-record"",""schema_version"":""1.0.0"",""entity_type"":""unit"",""id"":""unit.habring.v1"",""recorded_at"":""2026-08-21T10:54:38Z"",""responsible_workflow"":""o015-first-unit-backend-v1"",""status"":""active"",""edition_id"":""edition.habring.convex-optimization.arxiv-2607-11664v1"",""source_edition_id"":""edition.habring.convex-optimization.arxiv-2607-11664v1"",""target_edition_id"":""edition.habring.convex-optimization.id-id.v1"",""unit_kind"":""work"",""order"":1,""source_local_id"":""work-root"",""source_local_label"":""Lecture Notes: Convex Optimization"",""target_local_label"":""Optimisasi Konveks"",""rights_id"":""rights.o015-habring-text""}"
o015-modular-backend-record,1.0.0,unit,unit.habring.v1.ch03,"{""schema"":""o015-modular-backend-record"",""schema_version"":""1.0.0"",""entity_type"":""unit"",""id"":""unit.habring.v1.ch03"",""recorded_at"":""2026-08-21T10:54:38Z"",""responsible_workflow"":""o015-first-unit-backend-v1"",""status"":""built"",""edition_id"":""edition.habring.convex-optimization.arxiv-2607-11664v1"",""source_edition_id"":""edition.habring.convex-optimization.arxiv-2607-11664v1"",""target_edition_id"":""edition.habring.convex-optimization.id-id.v1"",""parent_id"":""unit.habring.v1"",""unit_kind"":""chapter"",""order"":3,""source_local_id"":""chapter-3"",""source_local_label"":""3 — Subgradients"",""target_local_label"":""3 — Subgradien"",""source_locator"":""authority/habring/source-v1/subgradient.tex:1-344"",""target_locator"":""source/id-ID/habring-03-subgradien-id.tex:1-350"",""printed_page_start"":30,""printed_page_end"":37,""rights_id"":""rights.o015-habring-id-unit"",""translation_state"":""built"",""next_source_order_unit"":""Chapter 4 — Projected subgradient descent""}"
o015-modular-backend-record,1.0.0,unit,unit.habring.v1.ch04,"{""schema"":""o015-modular-backend-record"",""schema_version"":""1.0.0"",""entity_type"":""unit"",""id"":""unit.habring.v1.ch04"",""recorded_at"":""2026-08-21T17:04:02Z"",""responsible_workflow"":""o015-first-unit-backend-v1"",""status"":""built"",""edition_id"":""edition.habring.convex-optimization.arxiv-2607-11664v1"",""source_edition_id"":""edition.habring.convex-optimization.arxiv-2607-11664v1"",""target_edition_id"":""edition.habring.convex-optimization.id-id.v1"",""parent_id"":""unit.habring.v1"",""unit_kind"":""chapter"",""order"":4,""source_local_id"":""chapter-4"",""source_local_label"":""4 — Projected subgradient descent"",""target_local_label"":""4 — Penurunan subgradien terproyeksi"",""source_locator"":""authority/habring/source-v1/projected_subgradient_method.tex:1-291"",""target_locator"":""source/id-ID/habring-04-metode-subgradien-terproyeksi-id.tex:1-355"",""rights_id"":""rights.o015-habring-id-ch04"",""translation_state"":""built"",""next_source_order_unit"":""Chapter 5 — Proximal gradient method""}"
o015-modular-backend-record,1.0.0,concept,concept.best-iterate-rate,"{""schema"":""o015-modular-backend-record"",""schema_version"":""1.0.0"",""entity_type"":""concept"",""id"":""concept.best-iterate-rate"",""recorded_at"":""2026-08-21T17:04:02Z"",""responsible_workflow"":""o015-first-unit-backend-v1"",""status"":""current"",""canonical_label"":""best-iterate convergence rate"",""prerequisite_ids"":[""concept.fundamental-projected-subgradient-inequality"",""concept.subgradient-norm-bound""],""domain"":""convex and nonsmooth optimization""}"
o015-modular-backend-record,1.0.0,concept,concept.constrained-convex-optimality,"{""schema"":""o015-modular-backend-record"",""schema_version"":""1.0.0"",""entity_type"":""concept"",""id"":""concept.constrained-convex-optimality"",""recorded_at"":""2026-08-21T10:54:38Z"",""responsible_workflow"":""o015-first-unit-backend-v1"",""status"":""current"",""canonical_label"":""constrained convex optimality"",""prerequisite_ids"":[""concept.convex-subdifferential"",""concept.normal-cone""],""domain"":""convex and nonsmooth optimization""}"
o015-modular-backend-record,1.0.0,concept,concept.convex-function,"{""schema"":""o015-modular-backend-record"",""schema_version"":""1.0.0"",""entity_type"":""concept"",""id"":""concept.convex-function"",""recorded_at"":""2026-08-21T10:54:38Z"",""responsible_workflow"":""o015-first-unit-backend-v1"",""status"":""current"",""canonical_label"":""convex function"",""prerequisite_ids"":[],""domain"":""convex and nonsmooth optimization""}"
o015-modular-backend-record,1.0.0,concept,concept.convex-subdifferential,"{""schema"":""o015-modular-backend-record"",""schema_version"":""1.0.0"",""entity_type"":""concept"",""id"":""concept.convex-subdifferential"",""recorded_at"":""2026-08-21T10:54:38Z"",""responsible_workflow"":""o015-first-unit-backend-v1"",""status"":""current"",""canonical_label"":""convex subdifferential"",""prerequisite_ids"":[""concept.subgradient"",""concept.convex-function""],""domain"":""convex and nonsmooth optimization""}"
o015-modular-backend-record,1.0.0,concept,concept.diminishing-step-size,"{""schema"":""o015-modular-backend-record"",""schema_version"":""1.0.0"",""entity_type"":""concept"",""id"":""concept.diminishing-step-size"",""recorded_at"":""2026-08-21T17:04:02Z"",""responsible_workflow"":""o015-first-unit-backend-v1"",""status"":""current"",""canonical_label"":""diminishing step-size convergence"",""prerequisite_ids"":[""concept.fundamental-projected-subgradient-inequality"",""concept.subgradient-norm-bound""],""domain"":""convex and nonsmooth optimization""}"
o015-modular-backend-record,1.0.0,concept,concept.dual-norm,"{""schema"":""o015-modular-backend-record"",""schema_version"":""1.0.0"",""entity_type"":""concept"",""id"":""concept.dual-norm"",""recorded_at"":""2026-08-21T10:54:38Z"",""responsible_workflow"":""o015-first-unit-backend-v1"",""status"":""current"",""canonical_label"":""dual norm"",""prerequisite_ids"":[],""domain"":""convex and nonsmooth optimization""}"
o015-modular-backend-record,1.0.0,concept,concept.epigraph,"{""schema"":""o015-modular-backend-record"",""schema_version"":""1.0.0"",""entity_type"":""concept"",""id"":""concept.epigraph"",""recorded_at"":""2026-08-21T10:54:38Z"",""responsible_workflow"":""o015-first-unit-backend-v1"",""status"":""current"",""canonical_label"":""epigraph"",""prerequisite_ids"":[""concept.convex-function""],""domain"":""convex and nonsmooth optimization""}"
o015-modular-backend-record,1.0.0,concept,concept.fermat-optimality,"{""schema"":""o015-modular-backend-record"",""schema_version"":""1.0.0"",""entity_type"":""concept"",""id"":""concept.fermat-optimality"",""recorded_at"":""2026-08-21T10:54:38Z"",""responsible_workflow"":""o015-first-unit-backend-v1"",""status"":""current"",""canonical_label"":""Fermat optimality condition"",""prerequisite_ids"":[""concept.convex-subdifferential""],""domain"":""convex and nonsmooth optimization""}"
o015-modular-backend-record,1.0.0,concept,concept.frechet-derivative,"{""schema"":""o015-modular-backend-record"",""schema_version"":""1.0.0"",""entity_type"":""concept"",""id"":""concept.frechet-derivative"",""recorded_at"":""2026-08-21T10:54:38Z"",""responsible_workflow"":""o015-first-unit-backend-v1"",""status"":""current"",""canonical_label"":""Fréchet derivative"",""prerequisite_ids"":[],""domain"":""convex and nonsmooth optimization""}"
o015-modular-backend-record,1.0.0,concept,concept.fundamental-projected-subgradient-inequality,"{""schema"":""o015-modular-backend-record"",""schema_version"":""1.0.0"",""entity_type"":""concept"",""id"":""concept.fundamental-projected-subgradient-inequality"",""recorded_at"":""2026-08-21T17:04:02Z"",""responsible_workflow"":""o015-first-unit-backend-v1"",""status"":""current"",""canonical_label"":""fundamental projected-subgradient inequality"",""prerequisite_ids"":[""concept.projected-subgradient-method"",""concept.subgradient""],""domain"":""convex and nonsmooth optimization""}"
o015-modular-backend-record,1.0.0,concept,concept.gradient,"{""schema"":""o015-modular-backend-record"",""schema_version"":""1.0.0"",""entity_type"":""concept"",""id"":""concept.gradient"",""recorded_at"":""2026-08-21T10:54:38Z"",""responsible_workflow"":""o015-first-unit-backend-v1"",""status"":""current"",""canonical_label"":""gradient"",""prerequisite_ids"":[""concept.frechet-derivative"",""concept.hilbert-space""],""domain"":""convex and nonsmooth optimization""}"
o015-modular-backend-record,1.0.0,concept,concept.hahn-banach-separation,"{""schema"":""o015-modular-backend-record"",""schema_version"":""1.0.0"",""entity_type"":""concept"",""id"":""concept.hahn-banach-separation"",""recorded_at"":""2026-08-21T10:54:38Z"",""responsible_workflow"":""o015-first-unit-backend-v1"",""status"":""current"",""canonical_label"":""Hahn–Banach separation"",""prerequisite_ids"":[""concept.convex-function""],""domain"":""convex and nonsmooth optimization""}"
o015-modular-backend-record,1.0.0,concept,concept.hilbert-space,"{""schema"":""o015-modular-backend-record"",""schema_version"":""1.0.0"",""entity_type"":""concept"",""id"":""concept.hilbert-space"",""recorded_at"":""2026-08-21T10:54:38Z"",""responsible_workflow"":""o015-first-unit-backend-v1"",""status"":""current"",""canonical_label"":""Hilbert space"",""prerequisite_ids"":[],""domain"":""convex and nonsmooth optimization""}"
o015-modular-backend-record,1.0.0,concept,concept.indicator-function,"{""schema"":""o015-modular-backend-record"",""schema_version"":""1.0.0"",""entity_type"":""concept"",""id"":""concept.indicator-function"",""recorded_at"":""2026-08-21T10:54:38Z"",""responsible_workflow"":""o015-first-unit-backend-v1"",""status"":""current"",""canonical_label"":""indicator function"",""prerequisite_ids"":[],""domain"":""convex and nonsmooth optimization""}"
o015-modular-backend-record,1.0.0,concept,concept.lower-semicontinuity,"{""schema"":""o015-modular-backend-record"",""schema_version"":""1.0.0"",""entity_type"":""concept"",""id"":""concept.lower-semicontinuity"",""recorded_at"":""2026-08-21T10:54:38Z"",""responsible_workflow"":""o015-first-unit-backend-v1"",""status"":""current"",""canonical_label"":""lower semicontinuity"",""prerequisite_ids"":[],""domain"":""convex and nonsmooth optimization""}"
o015-modular-backend-record,1.0.0,concept,concept.metric-projection,"{""schema"":""o015-modular-backend-record"",""schema_version"":""1.0.0"",""entity_type"":""concept"",""id"":""concept.metric-projection"",""recorded_at"":""2026-08-21T17:04:02Z"",""responsible_workflow"":""o015-first-unit-backend-v1"",""status"":""current"",""canonical_label"":""metric projection onto a closed convex set"",""prerequisite_ids"":[""concept.hilbert-space""],""domain"":""convex and nonsmooth optimization""}"
o015-modular-backend-record,1.0.0,concept,concept.nonexpansive-mapping,"{""schema"":""o015-modular-backend-record"",""schema_version"":""1.0.0"",""entity_type"":""concept"",""id"":""concept.nonexpansive-mapping"",""recorded_at"":""2026-08-21T17:04:02Z"",""responsible_workflow"":""o015-first-unit-backend-v1"",""status"":""current"",""canonical_label"":""nonexpansive mapping"",""prerequisite_ids"":[""concept.metric-projection""],""domain"":""convex and nonsmooth optimization""}"
o015-modular-backend-record,1.0.0,concept,concept.normal-cone,"{""schema"":""o015-modular-backend-record"",""schema_version"":""1.0.0"",""entity_type"":""concept"",""id"":""concept.normal-cone"",""recorded_at"":""2026-08-21T10:54:38Z"",""responsible_workflow"":""o015-first-unit-backend-v1"",""status"":""current"",""canonical_label"":""normal cone"",""prerequisite_ids"":[""concept.convex-subdifferential"",""concept.indicator-function""],""domain"":""convex and nonsmooth optimization""}"
o015-modular-backend-record,1.0.0,concept,concept.polyak-step-size,"{""schema"":""o015-modular-backend-record"",""schema_version"":""1.0.0"",""entity_type"":""concept"",""id"":""concept.polyak-step-size"",""recorded_at"":""2026-08-21T17:04:02Z"",""responsible_workflow"":""o015-first-unit-backend-v1"",""status"":""current"",""canonical_label"":""Polyak step-size rule"",""prerequisite_ids"":[""concept.fundamental-projected-subgradient-inequality"",""concept.subgradient-norm-bound""],""domain"":""convex and nonsmooth optimization""}"
o015-modular-backend-record,1.0.0,concept,concept.projected-subgradient-method,"{""schema"":""o015-modular-backend-record"",""schema_version"":""1.0.0"",""entity_type"":""concept"",""id"":""concept.projected-subgradient-method"",""recorded_at"":""2026-08-21T17:04:02Z"",""responsible_workflow"":""o015-first-unit-backend-v1"",""status"":""current"",""canonical_label"":""projected subgradient method"",""prerequisite_ids"":[""concept.convex-subdifferential"",""concept.metric-projection""],""domain"":""convex and nonsmooth optimization""}"
o015-modular-backend-record,1.0.0,concept,concept.proper-convex-function,"{""schema"":""o015-modular-backend-record"",""schema_version"":""1.0.0"",""entity_type"":""concept"",""id"":""concept.proper-convex-function"",""recorded_at"":""2026-08-21T10:54:38Z"",""responsible_workflow"":""o015-first-unit-backend-v1"",""status"":""current"",""canonical_label"":""proper convex function"",""prerequisite_ids"":[""concept.convex-function""],""domain"":""convex and nonsmooth optimization""}"
o015-modular-backend-record,1.0.0,concept,concept.strong-convexity,"{""schema"":""o015-modular-backend-record"",""schema_version"":""1.0.0"",""entity_type"":""concept"",""id"":""concept.strong-convexity"",""recorded_at"":""2026-08-21T17:04:02Z"",""responsible_workflow"":""o015-first-unit-backend-v1"",""status"":""current"",""canonical_label"":""strong convexity"",""prerequisite_ids"":[""concept.convex-function""],""domain"":""convex and nonsmooth optimization""}"
o015-modular-backend-record,1.0.0,concept,concept.subdifferential-calculus,"{""schema"":""o015-modular-backend-record"",""schema_version"":""1.0.0"",""entity_type"":""concept"",""id"":""concept.subdifferential-calculus"",""recorded_at"":""2026-08-21T10:54:38Z"",""responsible_workflow"":""o015-first-unit-backend-v1"",""status"":""current"",""canonical_label"":""subdifferential calculus"",""prerequisite_ids"":[""concept.convex-subdifferential""],""domain"":""convex and nonsmooth optimization""}"
o015-modular-backend-record,1.0.0,concept,concept.subgradient,"{""schema"":""o015-modular-backend-record"",""schema_version"":""1.0.0"",""entity_type"":""concept"",""id"":""concept.subgradient"",""recorded_at"":""2026-08-21T10:54:38Z"",""responsible_workflow"":""o015-first-unit-backend-v1"",""status"":""current"",""canonical_label"":""subgradient"",""prerequisite_ids"":[""concept.convex-function""],""domain"":""convex and nonsmooth optimization""}"
o015-modular-backend-record,1.0.0,concept,concept.subgradient-norm-bound,"{""schema"":""o015-modular-backend-record"",""schema_version"":""1.0.0"",""entity_type"":""concept"",""id"":""concept.subgradient-norm-bound"",""recorded_at"":""2026-08-21T17:04:02Z"",""responsible_workflow"":""o015-first-unit-backend-v1"",""status"":""current"",""canonical_label"":""bound on selected subgradient norms"",""prerequisite_ids"":[""concept.convex-subdifferential""],""domain"":""convex and nonsmooth optimization""}"
o015-modular-backend-record,1.0.0,concept,concept.supporting-hyperplane,"{""schema"":""o015-modular-backend-record"",""schema_version"":""1.0.0"",""entity_type"":""concept"",""id"":""concept.supporting-hyperplane"",""recorded_at"":""2026-08-21T10:54:38Z"",""responsible_workflow"":""o015-first-unit-backend-v1"",""status"":""current"",""canonical_label"":""supporting hyperplane"",""prerequisite_ids"":[""concept.convex-function"",""concept.hahn-banach-separation""],""domain"":""convex and nonsmooth optimization""}"
o015-modular-backend-record,1.0.0,segment,d90.hab.v1.ch03.seg0001,"{""schema"":""o015-modular-backend-record"",""schema_version"":""1.0.0"",""entity_type"":""segment"",""id"":""d90.hab.v1.ch03.seg0001"",""recorded_at"":""2026-08-21T10:54:38Z"",""responsible_workflow"":""o015-first-unit-backend-v1"",""status"":""current"",""unit_id"":""unit.habring.v1.ch03"",""order"":1,""source_local_id"":""chapter-3-lines-3-28"",""source_local_label"":""Fréchet derivative and gradient"",""source_edition_id"":""edition.habring.convex-optimization.arxiv-2607-11664v1"",""source_language"":""en"",""source_path"":""authority/habring/source-v1/subgradient.tex"",""source_locator"":""authority/habring/source-v1/subgradient.tex:3-28"",""source_line_start"":3,""source_line_end"":28,""source_bytes"":1306,""source_content_sha256"":""4e310b3464252e202e58e4b37cbb248ad296622074aa50c786c5171c58d69b4e"",""target_edition_id"":""edition.habring.convex-optimization.id-id.v1"",""target_language"":""id"",""target_locale"":""id-ID"",""target_path"":""source/id-ID/habring-03-subgradien-id.tex"",""target_locator"":""source/id-ID/habring-03-subgradien-id.tex:4-29"",""target_line_start"":4,""target_line_end"":29,""target_bytes"":1589,""target_content_sha256"":""e4869d23e7b8fcbaad0508f15d89996080161173d6b1359d76fcc8db76a02c46"",""hash_normalization"":""sha256-utf8-lf-final-newline"",""translation_state"":""built"",""structural_review_state"":""passed"",""mathematical_review_state"":""correction_audited_solver_checked_independent_rereview_passed"",""language_review_state"":""not_recorded"",""concept_ids"":[""concept.frechet-derivative"",""concept.gradient"",""concept.hilbert-space""],""rights_id"":""rights.o015-habring-id-unit"",""evidence_event_ids"":[""qa.o015.ch03.structure"",""qa.o015.ch03.build"",""qa.o015.ch03.math-rereview"",""qa.o015.ch03.visual""]}"
o015-modular-backend-record,1.0.0,segment,d90.hab.v1.ch03.seg0002,"{""schema"":""o015-modular-backend-record"",""schema_version"":""1.0.0"",""entity_type"":""segment"",""id"":""d90.hab.v1.ch03.seg0002"",""recorded_at"":""2026-08-21T10:54:38Z"",""responsible_workflow"":""o015-first-unit-backend-v1"",""status"":""current"",""unit_id"":""unit.habring.v1.ch03"",""order"":2,""source_local_id"":""chapter-3-lines-30-52"",""source_local_label"":""Motivation and subdifferential definition"",""source_edition_id"":""edition.habring.convex-optimization.arxiv-2607-11664v1"",""source_language"":""en"",""source_path"":""authority/habring/source-v1/subgradient.tex"",""source_locator"":""authority/habring/source-v1/subgradient.tex:30-52"",""source_line_start"":30,""source_line_end"":52,""source_bytes"":1488,""source_content_sha256"":""3785813342248b49750b59823499269eb6775ac47463c89294e93be67e20ef92"",""target_edition_id"":""edition.habring.convex-optimization.id-id.v1"",""target_language"":""id"",""target_locale"":""id-ID"",""target_path"":""source/id-ID/habring-03-subgradien-id.tex"",""target_locator"":""source/id-ID/habring-03-subgradien-id.tex:32-55"",""target_line_start"":32,""target_line_end"":55,""target_bytes"":1634,""target_content_sha256"":""cc211a8c4cea7eab03cf34cac62f311db8c48fad2f4c2365b4824c6394271253"",""hash_normalization"":""sha256-utf8-lf-final-newline"",""translation_state"":""built"",""structural_review_state"":""passed"",""mathematical_review_state"":""correction_audited_solver_checked_independent_rereview_passed"",""language_review_state"":""not_recorded"",""concept_ids"":[""concept.subgradient"",""concept.convex-subdifferential""],""rights_id"":""rights.o015-habring-id-unit"",""evidence_event_ids"":[""qa.o015.ch03.structure"",""qa.o015.ch03.build"",""qa.o015.ch03.math-rereview"",""qa.o015.ch03.visual""]}"
o015-modular-backend-record,1.0.0,segment,d90.hab.v1.ch03.seg0003,"{""schema"":""o015-modular-backend-record"",""schema_version"":""1.0.0"",""entity_type"":""segment"",""id"":""d90.hab.v1.ch03.seg0003"",""recorded_at"":""2026-08-21T10:54:38Z"",""responsible_workflow"":""o015-first-unit-backend-v1"",""status"":""current"",""unit_id"":""unit.habring.v1.ch03"",""order"":3,""source_local_id"":""chapter-3-lines-54-83"",""source_local_label"":""Norm, indicator, and normal-cone examples"",""source_edition_id"":""edition.habring.convex-optimization.arxiv-2607-11664v1"",""source_language"":""en"",""source_path"":""authority/habring/source-v1/subgradient.tex"",""source_locator"":""authority/habring/source-v1/subgradient.tex:54-83"",""source_line_start"":54,""source_line_end"":83,""source_bytes"":1173,""source_content_sha256"":""7094713d546279ce89ba2a5342b3429be42b891f1ffd4fb9181e30b5978c5f0c"",""target_edition_id"":""edition.habring.convex-optimization.id-id.v1"",""target_language"":""id"",""target_locale"":""id-ID"",""target_path"":""source/id-ID/habring-03-subgradien-id.tex"",""target_locator"":""source/id-ID/habring-03-subgradien-id.tex:58-87"",""target_line_start"":58,""target_line_end"":87,""target_bytes"":1154,""target_content_sha256"":""7a12244472d04839ae3bcea3c35061b208ad90676b246551ac9409a24e7f838a"",""hash_normalization"":""sha256-utf8-lf-final-newline"",""translation_state"":""built"",""structural_review_state"":""passed"",""mathematical_review_state"":""correction_audited_solver_checked_independent_rereview_passed"",""language_review_state"":""not_recorded"",""concept_ids"":[""concept.dual-norm"",""concept.indicator-function"",""concept.normal-cone""],""rights_id"":""rights.o015-habring-id-unit"",""evidence_event_ids"":[""qa.o015.ch03.structure"",""qa.o015.ch03.build"",""qa.o015.ch03.math-rereview"",""qa.o015.ch03.visual""]}"
o015-modular-backend-record,1.0.0,segment,d90.hab.v1.ch03.seg0004,"{""schema"":""o015-modular-backend-record"",""schema_version"":""1.0.0"",""entity_type"":""segment"",""id"":""d90.hab.v1.ch03.seg0004"",""recorded_at"":""2026-08-21T10:54:38Z"",""responsible_workflow"":""o015-first-unit-backend-v1"",""status"":""current"",""unit_id"":""unit.habring.v1.ch03"",""order"":4,""source_local_id"":""chapter-3-lines-86-130"",""source_local_label"":""Subdifferential as gradient generalization"",""source_edition_id"":""edition.habring.convex-optimization.arxiv-2607-11664v1"",""source_language"":""en"",""source_path"":""authority/habring/source-v1/subgradient.tex"",""source_locator"":""authority/habring/source-v1/subgradient.tex:86-130"",""source_line_start"":86,""source_line_end"":130,""source_bytes"":2208,""source_content_sha256"":""d6bc2b49d714255241889207e93044a8087c39ef7ef535f199e37742055fcc3c"",""target_edition_id"":""edition.habring.convex-optimization.id-id.v1"",""target_language"":""id"",""target_locale"":""id-ID"",""target_path"":""source/id-ID/habring-03-subgradien-id.tex"",""target_locator"":""source/id-ID/habring-03-subgradien-id.tex:90-137"",""target_line_start"":90,""target_line_end"":137,""target_bytes"":2701,""target_content_sha256"":""47c391db4d813b7982c8ee77715494a941edc7a74071db84c0797bef5890a30a"",""hash_normalization"":""sha256-utf8-lf-final-newline"",""translation_state"":""built"",""structural_review_state"":""passed"",""mathematical_review_state"":""correction_audited_solver_checked_independent_rereview_passed"",""language_review_state"":""not_recorded"",""concept_ids"":[""concept.gradient"",""concept.convex-subdifferential"",""concept.subgradient""],""rights_id"":""rights.o015-habring-id-unit"",""evidence_event_ids"":[""qa.o015.ch03.structure"",""qa.o015.ch03.build"",""qa.o015.ch03.math-rereview"",""qa.o015.ch03.visual""]}"
o015-modular-backend-record,1.0.0,segment,d90.hab.v1.ch03.seg0005,"{""schema"":""o015-modular-backend-record"",""schema_version"":""1.0.0"",""entity_type"":""segment"",""id"":""d90.hab.v1.ch03.seg0005"",""recorded_at"":""2026-08-21T10:54:38Z"",""responsible_workflow"":""o015-first-unit-backend-v1"",""status"":""current"",""unit_id"":""unit.habring.v1.ch03"",""order"":5,""source_local_id"":""chapter-3-lines-134-161"",""source_local_label"":""Convexity from nonempty subdifferentials"",""source_edition_id"":""edition.habring.convex-optimization.arxiv-2607-11664v1"",""source_language"":""en"",""source_path"":""authority/habring/source-v1/subgradient.tex"",""source_locator"":""authority/habring/source-v1/subgradient.tex:134-161"",""source_line_start"":134,""source_line_end"":161,""source_bytes"":1159,""source_content_sha256"":""b6b5d40ee780fba284e69c03a3bfd889e3d61f33628c4f622a36847cfa102aa7"",""target_edition_id"":""edition.habring.convex-optimization.id-id.v1"",""target_language"":""id"",""target_locale"":""id-ID"",""target_path"":""source/id-ID/habring-03-subgradien-id.tex"",""target_locator"":""source/id-ID/habring-03-subgradien-id.tex:140-168"",""target_line_start"":140,""target_line_end"":168,""target_bytes"":1323,""target_content_sha256"":""e11ac3ee6eecf00607c9b27bb762d536fe34eff156933f62dfad2e67c93db911"",""hash_normalization"":""sha256-utf8-lf-final-newline"",""translation_state"":""built"",""structural_review_state"":""passed"",""mathematical_review_state"":""correction_audited_solver_checked_independent_rereview_passed"",""language_review_state"":""not_recorded"",""concept_ids"":[""concept.convex-function"",""concept.convex-subdifferential""],""rights_id"":""rights.o015-habring-id-unit"",""evidence_event_ids"":[""qa.o015.ch03.structure"",""qa.o015.ch03.build"",""qa.o015.ch03.math-rereview"",""qa.o015.ch03.visual""]}"
o015-modular-backend-record,1.0.0,segment,d90.hab.v1.ch03.seg0006,"{""schema"":""o015-modular-backend-record"",""schema_version"":""1.0.0"",""entity_type"":""segment"",""id"":""d90.hab.v1.ch03.seg0006"",""recorded_at"":""2026-08-21T10:54:38Z"",""responsible_workflow"":""o015-first-unit-backend-v1"",""status"":""current"",""unit_id"":""unit.habring.v1.ch03"",""order"":6,""source_local_id"":""chapter-3-lines-164-208"",""source_local_label"":""Existence preliminaries and empty-interior lemma"",""source_edition_id"":""edition.habring.convex-optimization.arxiv-2607-11664v1"",""source_language"":""en"",""source_path"":""authority/habring/source-v1/subgradient.tex"",""source_locator"":""authority/habring/source-v1/subgradient.tex:164-208"",""source_line_start"":164,""source_line_end"":208,""source_bytes"":3145,""source_content_sha256"":""3bc193058b53e4a916f3fec4d83e75a13c86ba6196a6572ef6a3495dde62c852"",""target_edition_id"":""edition.habring.convex-optimization.id-id.v1"",""target_language"":""id"",""target_locale"":""id-ID"",""target_path"":""source/id-ID/habring-03-subgradien-id.tex"",""target_locator"":""source/id-ID/habring-03-subgradien-id.tex:171-217"",""target_line_start"":171,""target_line_end"":217,""target_bytes"":3851,""target_content_sha256"":""67cd116ed088b4c9c8a35310ad4084cdebb4f735471bddd32431f91e904756f3"",""hash_normalization"":""sha256-utf8-lf-final-newline"",""translation_state"":""built"",""structural_review_state"":""passed"",""mathematical_review_state"":""correction_audited_solver_checked_independent_rereview_passed"",""language_review_state"":""not_recorded"",""concept_ids"":[""concept.proper-convex-function"",""concept.convex-function""],""rights_id"":""rights.o015-habring-id-unit"",""evidence_event_ids"":[""qa.o015.ch03.structure"",""qa.o015.ch03.build"",""qa.o015.ch03.math-rereview"",""qa.o015.ch03.visual""]}"
o015-modular-backend-record,1.0.0,segment,d90.hab.v1.ch03.seg0007,"{""schema"":""o015-modular-backend-record"",""schema_version"":""1.0.0"",""entity_type"":""segment"",""id"":""d90.hab.v1.ch03.seg0007"",""recorded_at"":""2026-08-21T10:54:38Z"",""responsible_workflow"":""o015-first-unit-backend-v1"",""status"":""current"",""unit_id"":""unit.habring.v1.ch03"",""order"":7,""source_local_id"":""chapter-3-lines-209-223"",""source_local_label"":""Supporting hyperplane theorem"",""source_edition_id"":""edition.habring.convex-optimization.arxiv-2607-11664v1"",""source_language"":""en"",""source_path"":""authority/habring/source-v1/subgradient.tex"",""source_locator"":""authority/habring/source-v1/subgradient.tex:209-223"",""source_line_start"":209,""source_line_end"":223,""source_bytes"":1145,""source_content_sha256"":""7920c272b1582b19b4622fe5b374c128131fa377442b91b2648b3df3437916e2"",""target_edition_id"":""edition.habring.convex-optimization.id-id.v1"",""target_language"":""id"",""target_locale"":""id-ID"",""target_path"":""source/id-ID/habring-03-subgradien-id.tex"",""target_locator"":""source/id-ID/habring-03-subgradien-id.tex:220-235"",""target_line_start"":220,""target_line_end"":235,""target_bytes"":1345,""target_content_sha256"":""abdb5c3d6ff24dcda8d1008cc229b560fe180cbd8f93ecc883c74608351295b3"",""hash_normalization"":""sha256-utf8-lf-final-newline"",""translation_state"":""built"",""structural_review_state"":""passed"",""mathematical_review_state"":""correction_audited_solver_checked_independent_rereview_passed"",""language_review_state"":""not_recorded"",""concept_ids"":[""concept.supporting-hyperplane"",""concept.hahn-banach-separation""],""rights_id"":""rights.o015-habring-id-unit"",""evidence_event_ids"":[""qa.o015.ch03.structure"",""qa.o015.ch03.build"",""qa.o015.ch03.math-rereview"",""qa.o015.ch03.visual""]}"
o015-modular-backend-record,1.0.0,segment,d90.hab.v1.ch03.seg0008,"{""schema"":""o015-modular-backend-record"",""schema_version"":""1.0.0"",""entity_type"":""segment"",""id"":""d90.hab.v1.ch03.seg0008"",""recorded_at"":""2026-08-21T10:54:38Z"",""responsible_workflow"":""o015-first-unit-backend-v1"",""status"":""current"",""unit_id"":""unit.habring.v1.ch03"",""order"":8,""source_local_id"":""chapter-3-lines-225-253"",""source_local_label"":""Existence of subgradients"",""source_edition_id"":""edition.habring.convex-optimization.arxiv-2607-11664v1"",""source_language"":""en"",""source_path"":""authority/habring/source-v1/subgradient.tex"",""source_locator"":""authority/habring/source-v1/subgradient.tex:225-253"",""source_line_start"":225,""source_line_end"":253,""source_bytes"":2023,""source_content_sha256"":""65b9ce2ac30cd9c5a3cc4b42477fc2e5ba269f3f317cb550add9e65215f4bfb6"",""target_edition_id"":""edition.habring.convex-optimization.id-id.v1"",""target_language"":""id"",""target_locale"":""id-ID"",""target_path"":""source/id-ID/habring-03-subgradien-id.tex"",""target_locator"":""source/id-ID/habring-03-subgradien-id.tex:238-266"",""target_line_start"":238,""target_line_end"":266,""target_bytes"":2033,""target_content_sha256"":""513e13ebbed6eba2cc8b83a8d5d1b17135efaeb2d5b9697a49b92675f9c8c993"",""hash_normalization"":""sha256-utf8-lf-final-newline"",""translation_state"":""built"",""structural_review_state"":""passed"",""mathematical_review_state"":""correction_audited_solver_checked_independent_rereview_passed"",""language_review_state"":""not_recorded"",""concept_ids"":[""concept.epigraph"",""concept.supporting-hyperplane"",""concept.convex-subdifferential""],""rights_id"":""rights.o015-habring-id-unit"",""evidence_event_ids"":[""qa.o015.ch03.structure"",""qa.o015.ch03.build"",""qa.o015.ch03.math-rereview"",""qa.o015.ch03.visual""]}"
o015-modular-backend-record,1.0.0,segment,d90.hab.v1.ch03.seg0009,"{""schema"":""o015-modular-backend-record"",""schema_version"":""1.0.0"",""entity_type"":""segment"",""id"":""d90.hab.v1.ch03.seg0009"",""recorded_at"":""2026-08-21T10:54:38Z"",""responsible_workflow"":""o015-first-unit-backend-v1"",""status"":""current"",""unit_id"":""unit.habring.v1.ch03"",""order"":9,""source_local_id"":""chapter-3-lines-256-296"",""source_local_label"":""Scalar and sum rules"",""source_edition_id"":""edition.habring.convex-optimization.arxiv-2607-11664v1"",""source_language"":""en"",""source_path"":""authority/habring/source-v1/subgradient.tex"",""source_locator"":""authority/habring/source-v1/subgradient.tex:256-296"",""source_line_start"":256,""source_line_end"":296,""source_bytes"":1440,""source_content_sha256"":""101d143f00275f144ad3a00414ae48b4e9598459d99559d9a8a405c9aa062824"",""target_edition_id"":""edition.habring.convex-optimization.id-id.v1"",""target_language"":""id"",""target_locale"":""id-ID"",""target_path"":""source/id-ID/habring-03-subgradien-id.tex"",""target_locator"":""source/id-ID/habring-03-subgradien-id.tex:269-308"",""target_line_start"":269,""target_line_end"":308,""target_bytes"":1439,""target_content_sha256"":""be0dcdd1c377e8d0f46ea6e5f4f3a972d1b25baa7acf33ba304ca3bb0ada3505"",""hash_normalization"":""sha256-utf8-lf-final-newline"",""translation_state"":""built"",""structural_review_state"":""passed"",""mathematical_review_state"":""correction_audited_solver_checked_independent_rereview_passed"",""language_review_state"":""not_recorded"",""concept_ids"":[""concept.subdifferential-calculus""],""rights_id"":""rights.o015-habring-id-unit"",""evidence_event_ids"":[""qa.o015.ch03.structure"",""qa.o015.ch03.build"",""qa.o015.ch03.math-rereview"",""qa.o015.ch03.visual""]}"
o015-modular-backend-record,1.0.0,segment,d90.hab.v1.ch03.seg0010,"{""schema"":""o015-modular-backend-record"",""schema_version"":""1.0.0"",""entity_type"":""segment"",""id"":""d90.hab.v1.ch03.seg0010"",""recorded_at"":""2026-08-21T10:54:38Z"",""responsible_workflow"":""o015-first-unit-backend-v1"",""status"":""current"",""unit_id"":""unit.habring.v1.ch03"",""order"":10,""source_local_id"":""chapter-3-lines-298-317"",""source_local_label"":""Affine and scalar composition rules"",""source_edition_id"":""edition.habring.convex-optimization.arxiv-2607-11664v1"",""source_language"":""en"",""source_path"":""authority/habring/source-v1/subgradient.tex"",""source_locator"":""authority/habring/source-v1/subgradient.tex:298-317"",""source_line_start"":298,""source_line_end"":317,""source_bytes"":1032,""source_content_sha256"":""877fb6472089b9682a9819ac7ebdd742ddf89868920b658bf8e1d454aba4bb5f"",""target_edition_id"":""edition.habring.convex-optimization.id-id.v1"",""target_language"":""id"",""target_locale"":""id-ID"",""target_path"":""source/id-ID/habring-03-subgradien-id.tex"",""target_locator"":""source/id-ID/habring-03-subgradien-id.tex:311-326"",""target_line_start"":311,""target_line_end"":326,""target_bytes"":946,""target_content_sha256"":""e29262e32449c7dc8378c7aeed10014e64d07dec029cb5eb0c33e48f70ce9de1"",""hash_normalization"":""sha256-utf8-lf-final-newline"",""translation_state"":""built"",""structural_review_state"":""passed"",""mathematical_review_state"":""correction_audited_solver_checked_independent_rereview_passed"",""language_review_state"":""not_recorded"",""concept_ids"":[""concept.subdifferential-calculus"",""concept.lower-semicontinuity""],""rights_id"":""rights.o015-habring-id-unit"",""evidence_event_ids"":[""qa.o015.ch03.structure"",""qa.o015.ch03.build"",""qa.o015.ch03.math-rereview"",""qa.o015.ch03.visual""]}"
o015-modular-backend-record,1.0.0,segment,d90.hab.v1.ch03.seg0011,"{""schema"":""o015-modular-backend-record"",""schema_version"":""1.0.0"",""entity_type"":""segment"",""id"":""d90.hab.v1.ch03.seg0011"",""recorded_at"":""2026-08-21T10:54:38Z"",""responsible_workflow"":""o015-first-unit-backend-v1"",""status"":""current"",""unit_id"":""unit.habring.v1.ch03"",""order"":11,""source_local_id"":""chapter-3-lines-319-342"",""source_local_label"":""Fermat and constrained optimality"",""source_edition_id"":""edition.habring.convex-optimization.arxiv-2607-11664v1"",""source_language"":""en"",""source_path"":""authority/habring/source-v1/subgradient.tex"",""source_locator"":""authority/habring/source-v1/subgradient.tex:319-342"",""source_line_start"":319,""source_line_end"":342,""source_bytes"":780,""source_content_sha256"":""e93d045960006d40e23498e9638c3d12159748151f57405ed21aa5afe3564406"",""target_edition_id"":""edition.habring.convex-optimization.id-id.v1"",""target_language"":""id"",""target_locale"":""id-ID"",""target_path"":""source/id-ID/habring-03-subgradien-id.tex"",""target_locator"":""source/id-ID/habring-03-subgradien-id.tex:329-350"",""target_line_start"":329,""target_line_end"":350,""target_bytes"":772,""target_content_sha256"":""7d3f2d353e793d7b842aab08da2bc7b01d7b8829051a9b1395d07c5fb5f7e6a0"",""hash_normalization"":""sha256-utf8-lf-final-newline"",""translation_state"":""built"",""structural_review_state"":""passed"",""mathematical_review_state"":""correction_audited_solver_checked_independent_rereview_passed"",""language_review_state"":""not_recorded"",""concept_ids"":[""concept.fermat-optimality"",""concept.constrained-convex-optimality""],""rights_id"":""rights.o015-habring-id-unit"",""evidence_event_ids"":[""qa.o015.ch03.structure"",""qa.o015.ch03.build"",""qa.o015.ch03.math-rereview"",""qa.o015.ch03.visual""]}"
o015-modular-backend-record,1.0.0,segment,d90.hab.v1.ch04.seg0001,"{""schema"":""o015-modular-backend-record"",""schema_version"":""1.0.0"",""entity_type"":""segment"",""id"":""d90.hab.v1.ch04.seg0001"",""recorded_at"":""2026-08-21T17:04:02Z"",""responsible_workflow"":""o015-first-unit-backend-v1"",""status"":""current"",""unit_id"":""unit.habring.v1.ch04"",""order"":1,""source_local_id"":""chapter-4-lines-2-22"",""source_local_label"":""Constrained setup and motivation"",""source_edition_id"":""edition.habring.convex-optimization.arxiv-2607-11664v1"",""source_language"":""en"",""source_path"":""authority/habring/source-v1/projected_subgradient_method.tex"",""source_locator"":""authority/habring/source-v1/projected_subgradient_method.tex:2-22"",""source_line_start"":2,""source_line_end"":22,""source_bytes"":1272,""source_content_sha256"":""d9352227194990830fde85a1f3ab6e169c3e3104c702f9e273fdb4775ac26267"",""target_edition_id"":""edition.habring.convex-optimization.id-id.v1"",""target_language"":""id"",""target_locale"":""id-ID"",""target_path"":""source/id-ID/habring-04-metode-subgradien-terproyeksi-id.tex"",""target_locator"":""source/id-ID/habring-04-metode-subgradien-terproyeksi-id.tex:4-26"",""target_line_start"":4,""target_line_end"":26,""target_bytes"":1627,""target_content_sha256"":""f9ad9c31205b20bd39b1a57d7f6e2cd7cf22a87e370c43effd909866c544a95c"",""hash_normalization"":""sha256-utf8-lf-final-newline"",""translation_state"":""built"",""structural_review_state"":""passed"",""mathematical_review_state"":""correction_audited_solver_checked_independent_rereview_passed"",""language_review_state"":""not_recorded"",""concept_ids"":[""concept.constrained-convex-optimality"",""concept.indicator-function"",""concept.projected-subgradient-method""],""rights_id"":""rights.o015-habring-id-ch04"",""evidence_event_ids"":[""qa.o015.ch04.structure"",""qa.o015.ch04.build"",""qa.o015.ch04.math-rereview"",""qa.o015.ch04.visual""]}"
o015-modular-backend-record,1.0.0,segment,d90.hab.v1.ch04.seg0002,"{""schema"":""o015-modular-backend-record"",""schema_version"":""1.0.0"",""entity_type"":""segment"",""id"":""d90.hab.v1.ch04.seg0002"",""recorded_at"":""2026-08-21T17:04:02Z"",""responsible_workflow"":""o015-first-unit-backend-v1"",""status"":""current"",""unit_id"":""unit.habring.v1.ch04"",""order"":2,""source_local_id"":""chapter-4-lines-24-59"",""source_local_label"":""Projection theorem in a Hilbert space"",""source_edition_id"":""edition.habring.convex-optimization.arxiv-2607-11664v1"",""source_language"":""en"",""source_path"":""authority/habring/source-v1/projected_subgradient_method.tex"",""source_locator"":""authority/habring/source-v1/projected_subgradient_method.tex:24-59"",""source_line_start"":24,""source_line_end"":59,""source_bytes"":1995,""source_content_sha256"":""fa3f288e5ccbe9894b60120860269be793f3064df4041810d9704445dbe5f3b8"",""target_edition_id"":""edition.habring.convex-optimization.id-id.v1"",""target_language"":""id"",""target_locale"":""id-ID"",""target_path"":""source/id-ID/habring-04-metode-subgradien-terproyeksi-id.tex"",""target_locator"":""source/id-ID/habring-04-metode-subgradien-terproyeksi-id.tex:29-67"",""target_line_start"":29,""target_line_end"":67,""target_bytes"":1700,""target_content_sha256"":""be4a49710453b2510895f051bd362e95ab680beee125830a8617f910fc78424e"",""hash_normalization"":""sha256-utf8-lf-final-newline"",""translation_state"":""built"",""structural_review_state"":""passed"",""mathematical_review_state"":""correction_audited_solver_checked_independent_rereview_passed"",""language_review_state"":""not_recorded"",""concept_ids"":[""concept.hilbert-space"",""concept.metric-projection""],""rights_id"":""rights.o015-habring-id-ch04"",""evidence_event_ids"":[""qa.o015.ch04.structure"",""qa.o015.ch04.build"",""qa.o015.ch04.math-rereview"",""qa.o015.ch04.visual""]}"
o015-modular-backend-record,1.0.0,segment,d90.hab.v1.ch04.seg0003,"{""schema"":""o015-modular-backend-record"",""schema_version"":""1.0.0"",""entity_type"":""segment"",""id"":""d90.hab.v1.ch04.seg0003"",""recorded_at"":""2026-08-21T17:04:02Z"",""responsible_workflow"":""o015-first-unit-backend-v1"",""status"":""current"",""unit_id"":""unit.habring.v1.ch04"",""order"":3,""source_local_id"":""chapter-4-lines-60-107"",""source_local_label"":""Projected iteration and projection characterization"",""source_edition_id"":""edition.habring.convex-optimization.arxiv-2607-11664v1"",""source_language"":""en"",""source_path"":""authority/habring/source-v1/projected_subgradient_method.tex"",""source_locator"":""authority/habring/source-v1/projected_subgradient_method.tex:60-107"",""source_line_start"":60,""source_line_end"":107,""source_bytes"":1939,""source_content_sha256"":""b0fc1552c2e23d18e0e6db263e0f4a704558e6bfe1093b15fc937d466790747d"",""target_edition_id"":""edition.habring.convex-optimization.id-id.v1"",""target_language"":""id"",""target_locale"":""id-ID"",""target_path"":""source/id-ID/habring-04-metode-subgradien-terproyeksi-id.tex"",""target_locator"":""source/id-ID/habring-04-metode-subgradien-terproyeksi-id.tex:70-124"",""target_line_start"":70,""target_line_end"":124,""target_bytes"":2139,""target_content_sha256"":""50b67075a0a10a199e0e7e8a8ad95428deb05d9bfeb5a485d513fc76abe05ca8"",""hash_normalization"":""sha256-utf8-lf-final-newline"",""translation_state"":""built"",""structural_review_state"":""passed"",""mathematical_review_state"":""correction_audited_solver_checked_independent_rereview_passed"",""language_review_state"":""not_recorded"",""concept_ids"":[""concept.metric-projection"",""concept.projected-subgradient-method""],""rights_id"":""rights.o015-habring-id-ch04"",""evidence_event_ids"":[""qa.o015.ch04.structure"",""qa.o015.ch04.build"",""qa.o015.ch04.math-rereview"",""qa.o015.ch04.visual""]}"
o015-modular-backend-record,1.0.0,segment,d90.hab.v1.ch04.seg0004,"{""schema"":""o015-modular-backend-record"",""schema_version"":""1.0.0"",""entity_type"":""segment"",""id"":""d90.hab.v1.ch04.seg0004"",""recorded_at"":""2026-08-21T17:04:02Z"",""responsible_workflow"":""o015-first-unit-backend-v1"",""status"":""current"",""unit_id"":""unit.habring.v1.ch04"",""order"":4,""source_local_id"":""chapter-4-lines-110-133"",""source_local_label"":""Nonexpansiveness of metric projection"",""source_edition_id"":""edition.habring.convex-optimization.arxiv-2607-11664v1"",""source_language"":""en"",""source_path"":""authority/habring/source-v1/projected_subgradient_method.tex"",""source_locator"":""authority/habring/source-v1/projected_subgradient_method.tex:110-133"",""source_line_start"":110,""source_line_end"":133,""source_bytes"":1221,""source_content_sha256"":""f2d55f0b4ca9f07497e855769b5ad685ce673b00eff7136bad7a3e3df2d0b4e8"",""target_edition_id"":""edition.habring.convex-optimization.id-id.v1"",""target_language"":""id"",""target_locale"":""id-ID"",""target_path"":""source/id-ID/habring-04-metode-subgradien-terproyeksi-id.tex"",""target_locator"":""source/id-ID/habring-04-metode-subgradien-terproyeksi-id.tex:127-151"",""target_line_start"":127,""target_line_end"":151,""target_bytes"":1335,""target_content_sha256"":""5fc48a866fbcff9b10de4f17cebac51f8e9e72b257e2b9a30c1e903f53191ccd"",""hash_normalization"":""sha256-utf8-lf-final-newline"",""translation_state"":""built"",""structural_review_state"":""passed"",""mathematical_review_state"":""correction_audited_solver_checked_independent_rereview_passed"",""language_review_state"":""not_recorded"",""concept_ids"":[""concept.metric-projection"",""concept.nonexpansive-mapping""],""rights_id"":""rights.o015-habring-id-ch04"",""evidence_event_ids"":[""qa.o015.ch04.structure"",""qa.o015.ch04.build"",""qa.o015.ch04.math-rereview"",""qa.o015.ch04.visual""]}"
o015-modular-backend-record,1.0.0,segment,d90.hab.v1.ch04.seg0005,"{""schema"":""o015-modular-backend-record"",""schema_version"":""1.0.0"",""entity_type"":""segment"",""id"":""d90.hab.v1.ch04.seg0005"",""recorded_at"":""2026-08-21T17:04:02Z"",""responsible_workflow"":""o015-first-unit-backend-v1"",""status"":""current"",""unit_id"":""unit.habring.v1.ch04"",""order"":5,""source_local_id"":""chapter-4-lines-136-154"",""source_local_label"":""Fundamental projected-subgradient inequality"",""source_edition_id"":""edition.habring.convex-optimization.arxiv-2607-11664v1"",""source_language"":""en"",""source_path"":""authority/habring/source-v1/projected_subgradient_method.tex"",""source_locator"":""authority/habring/source-v1/projected_subgradient_method.tex:136-154"",""source_line_start"":136,""source_line_end"":154,""source_bytes"":976,""source_content_sha256"":""df6e0db4ce1603988ac52cb7a5164f624a84d58dd4a204c44f32bb15331f5454"",""target_edition_id"":""edition.habring.convex-optimization.id-id.v1"",""target_language"":""id"",""target_locale"":""id-ID"",""target_path"":""source/id-ID/habring-04-metode-subgradien-terproyeksi-id.tex"",""target_locator"":""source/id-ID/habring-04-metode-subgradien-terproyeksi-id.tex:154-173"",""target_line_start"":154,""target_line_end"":173,""target_bytes"":1090,""target_content_sha256"":""923612616b17eaa04487c23b0fbfd7fd725bbce41acdfd16e86b010a23d3d72c"",""hash_normalization"":""sha256-utf8-lf-final-newline"",""translation_state"":""built"",""structural_review_state"":""passed"",""mathematical_review_state"":""correction_audited_solver_checked_independent_rereview_passed"",""language_review_state"":""not_recorded"",""concept_ids"":[""concept.fundamental-projected-subgradient-inequality"",""concept.projected-subgradient-method""],""rights_id"":""rights.o015-habring-id-ch04"",""evidence_event_ids"":[""qa.o015.ch04.structure"",""qa.o015.ch04.build"",""qa.o015.ch04.math-rereview"",""qa.o015.ch04.visual""]}"
o015-modular-backend-record,1.0.0,segment,d90.hab.v1.ch04.seg0006,"{""schema"":""o015-modular-backend-record"",""schema_version"":""1.0.0"",""entity_type"":""segment"",""id"":""d90.hab.v1.ch04.seg0006"",""recorded_at"":""2026-08-21T17:04:02Z"",""responsible_workflow"":""o015-first-unit-backend-v1"",""status"":""current"",""unit_id"":""unit.habring.v1.ch04"",""order"":6,""source_local_id"":""chapter-4-lines-155-200"",""source_local_label"":""Polyak step size and best-iterate rate"",""source_edition_id"":""edition.habring.convex-optimization.arxiv-2607-11664v1"",""source_language"":""en"",""source_path"":""authority/habring/source-v1/projected_subgradient_method.tex"",""source_locator"":""authority/habring/source-v1/projected_subgradient_method.tex:155-200"",""source_line_start"":155,""source_line_end"":200,""source_bytes"":2463,""source_content_sha256"":""4940b8ac42cbacdfadbe52494a355b4ea2b9c9847f28850618e2d726ce9ce72a"",""target_edition_id"":""edition.habring.convex-optimization.id-id.v1"",""target_language"":""id"",""target_locale"":""id-ID"",""target_path"":""source/id-ID/habring-04-metode-subgradien-terproyeksi-id.tex"",""target_locator"":""source/id-ID/habring-04-metode-subgradien-terproyeksi-id.tex:176-230"",""target_line_start"":176,""target_line_end"":230,""target_bytes"":2959,""target_content_sha256"":""3a2ee3838028d2693ae79e5905fcb143bdd47fbdbaa9396e612ef03c0c692c19"",""hash_normalization"":""sha256-utf8-lf-final-newline"",""translation_state"":""built"",""structural_review_state"":""passed"",""mathematical_review_state"":""correction_audited_solver_checked_independent_rereview_passed"",""language_review_state"":""not_recorded"",""concept_ids"":[""concept.polyak-step-size"",""concept.subgradient-norm-bound"",""concept.best-iterate-rate""],""rights_id"":""rights.o015-habring-id-ch04"",""evidence_event_ids"":[""qa.o015.ch04.structure"",""qa.o015.ch04.build"",""qa.o015.ch04.math-rereview"",""qa.o015.ch04.visual""]}"
o015-modular-backend-record,1.0.0,segment,d90.hab.v1.ch04.seg0007,"{""schema"":""o015-modular-backend-record"",""schema_version"":""1.0.0"",""entity_type"":""segment"",""id"":""d90.hab.v1.ch04.seg0007"",""recorded_at"":""2026-08-21T17:04:02Z"",""responsible_workflow"":""o015-first-unit-backend-v1"",""status"":""current"",""unit_id"":""unit.habring.v1.ch04"",""order"":7,""source_local_id"":""chapter-4-lines-202-237"",""source_local_label"":""Complexity and general step-size convergence"",""source_edition_id"":""edition.habring.convex-optimization.arxiv-2607-11664v1"",""source_language"":""en"",""source_path"":""authority/habring/source-v1/projected_subgradient_method.tex"",""source_locator"":""authority/habring/source-v1/projected_subgradient_method.tex:202-237"",""source_line_start"":202,""source_line_end"":237,""source_bytes"":1708,""source_content_sha256"":""9dec96f6e0aa7e9dbd2f6bdef9f421ff61cae9442f8606ee834988d946a751eb"",""target_edition_id"":""edition.habring.convex-optimization.id-id.v1"",""target_language"":""id"",""target_locale"":""id-ID"",""target_path"":""source/id-ID/habring-04-metode-subgradien-terproyeksi-id.tex"",""target_locator"":""source/id-ID/habring-04-metode-subgradien-terproyeksi-id.tex:233-280"",""target_line_start"":233,""target_line_end"":280,""target_bytes"":1958,""target_content_sha256"":""b4fbcac34180fb47c65df45d6791b2efd91af65dd7a36521e194bfcfacbde537"",""hash_normalization"":""sha256-utf8-lf-final-newline"",""translation_state"":""built"",""structural_review_state"":""passed"",""mathematical_review_state"":""correction_audited_solver_checked_independent_rereview_passed"",""language_review_state"":""not_recorded"",""concept_ids"":[""concept.diminishing-step-size"",""concept.best-iterate-rate""],""rights_id"":""rights.o015-habring-id-ch04"",""evidence_event_ids"":[""qa.o015.ch04.structure"",""qa.o015.ch04.build"",""qa.o015.ch04.math-rereview"",""qa.o015.ch04.visual""]}"
o015-modular-backend-record,1.0.0,segment,d90.hab.v1.ch04.seg0008,"{""schema"":""o015-modular-backend-record"",""schema_version"":""1.0.0"",""entity_type"":""segment"",""id"":""d90.hab.v1.ch04.seg0008"",""recorded_at"":""2026-08-21T17:04:02Z"",""responsible_workflow"":""o015-first-unit-backend-v1"",""status"":""current"",""unit_id"":""unit.habring.v1.ch04"",""order"":8,""source_local_id"":""chapter-4-lines-239-291"",""source_local_label"":""Strongly convex convergence rates"",""source_edition_id"":""edition.habring.convex-optimization.arxiv-2607-11664v1"",""source_language"":""en"",""source_path"":""authority/habring/source-v1/projected_subgradient_method.tex"",""source_locator"":""authority/habring/source-v1/projected_subgradient_method.tex:239-291"",""source_line_start"":239,""source_line_end"":291,""source_bytes"":2769,""source_content_sha256"":""4ad17d795c9aa69f2f6b011a81edfd4277fb394ca4f504407906e7dfab4c2601"",""target_edition_id"":""edition.habring.convex-optimization.id-id.v1"",""target_language"":""id"",""target_locale"":""id-ID"",""target_path"":""source/id-ID/habring-04-metode-subgradien-terproyeksi-id.tex"",""target_locator"":""source/id-ID/habring-04-metode-subgradien-terproyeksi-id.tex:283-355"",""target_line_start"":283,""target_line_end"":355,""target_bytes"":3449,""target_content_sha256"":""0e8d77b439b2bb9a4d9bc3c3ba909d7d98dbe5a4c8aabd38ebf14cc5cfc882cb"",""hash_normalization"":""sha256-utf8-lf-final-newline"",""translation_state"":""built"",""structural_review_state"":""passed"",""mathematical_review_state"":""correction_audited_solver_checked_independent_rereview_passed"",""language_review_state"":""not_recorded"",""concept_ids"":[""concept.strong-convexity"",""concept.subgradient-norm-bound"",""concept.best-iterate-rate""],""rights_id"":""rights.o015-habring-id-ch04"",""evidence_event_ids"":[""qa.o015.ch04.structure"",""qa.o015.ch04.build"",""qa.o015.ch04.math-rereview"",""qa.o015.ch04.visual""]}"
o015-modular-backend-record,1.0.0,term,term.best-iterate,"{""schema"":""o015-modular-backend-record"",""schema_version"":""1.0.0"",""entity_type"":""term"",""id"":""term.best-iterate"",""recorded_at"":""2026-08-21T17:04:02Z"",""responsible_workflow"":""o015-first-unit-backend-v1"",""status"":""accepted"",""concept_id"":""concept.best-iterate-rate"",""locale"":""id-ID"",""source_term"":""best iterate"",""preferred"":""iterasi terbaik"",""variants"":[],""rejected_forms"":[],""scope"":""convex and nonsmooth optimization"",""register"":""formal"",""evidence_segment_ids"":[""d90.hab.v1.ch04.seg0006""],""examples"":[""iterasi terbaik""],""rights_id"":""rights.o015-habring-id-ch04""}"
o015-modular-backend-record,1.0.0,term,term.convex,"{""schema"":""o015-modular-backend-record"",""schema_version"":""1.0.0"",""entity_type"":""term"",""id"":""term.convex"",""recorded_at"":""2026-08-21T10:54:38Z"",""responsible_workflow"":""o015-first-unit-backend-v1"",""status"":""accepted"",""concept_id"":""concept.convex-function"",""locale"":""id-ID"",""source_term"":""convex"",""preferred"":""konveks"",""variants"":[""kecembungan""],""rejected_forms"":[],""scope"":""mathematical adjective"",""register"":""formal"",""evidence_segment_ids"":[""d90.hab.v1.ch03.seg0004""],""examples"":[""fungsi konveks""],""rights_id"":""rights.o015-habring-id-unit""}"
o015-modular-backend-record,1.0.0,term,term.convex-optimization,"{""schema"":""o015-modular-backend-record"",""schema_version"":""1.0.0"",""entity_type"":""term"",""id"":""term.convex-optimization"",""recorded_at"":""2026-08-21T10:54:38Z"",""responsible_workflow"":""o015-first-unit-backend-v1"",""status"":""accepted"",""concept_id"":""concept.convex-function"",""locale"":""id-ID"",""source_term"":""convex optimization"",""preferred"":""optimisasi konveks"",""variants"":[""optimasi konveks""],""rejected_forms"":[""optimalisasi konveks""],""scope"":""course title"",""register"":""formal"",""evidence_segment_ids"":[""d90.hab.v1.ch03.seg0001""],""examples"":[""Optimisasi Konveks""],""rights_id"":""rights.o015-habring-id-unit""}"
o015-modular-backend-record,1.0.0,term,term.diminishing-step-size,"{""schema"":""o015-modular-backend-record"",""schema_version"":""1.0.0"",""entity_type"":""term"",""id"":""term.diminishing-step-size"",""recorded_at"":""2026-08-21T17:04:02Z"",""responsible_workflow"":""o015-first-unit-backend-v1"",""status"":""accepted"",""concept_id"":""concept.diminishing-step-size"",""locale"":""id-ID"",""source_term"":""diminishing step size"",""preferred"":""ukuran langkah menurun"",""variants"":[""ukuran langkah yang mengecil""],""rejected_forms"":[],""scope"":""convex and nonsmooth optimization"",""register"":""formal"",""evidence_segment_ids"":[""d90.hab.v1.ch04.seg0007""],""examples"":[""ukuran langkah menurun""],""rights_id"":""rights.o015-habring-id-ch04""}"
o015-modular-backend-record,1.0.0,term,term.dual-norm,"{""schema"":""o015-modular-backend-record"",""schema_version"":""1.0.0"",""entity_type"":""term"",""id"":""term.dual-norm"",""recorded_at"":""2026-08-21T10:54:38Z"",""responsible_workflow"":""o015-first-unit-backend-v1"",""status"":""accepted"",""concept_id"":""concept.dual-norm"",""locale"":""id-ID"",""source_term"":""dual norm"",""preferred"":""norma dual"",""variants"":[],""rejected_forms"":[],""scope"":""functional analysis"",""register"":""formal"",""evidence_segment_ids"":[""d90.hab.v1.ch03.seg0003""],""examples"":[""norma dual ‖·‖*""],""rights_id"":""rights.o015-habring-id-unit""}"
o015-modular-backend-record,1.0.0,term,term.epigraph,"{""schema"":""o015-modular-backend-record"",""schema_version"":""1.0.0"",""entity_type"":""term"",""id"":""term.epigraph"",""recorded_at"":""2026-08-21T10:54:38Z"",""responsible_workflow"":""o015-first-unit-backend-v1"",""status"":""accepted"",""concept_id"":""concept.epigraph"",""locale"":""id-ID"",""source_term"":""epigraph"",""preferred"":""epigraf"",""variants"":[],""rejected_forms"":[],""scope"":""convex analysis"",""register"":""formal"",""evidence_segment_ids"":[""d90.hab.v1.ch03.seg0008""],""examples"":[""beralih ke epigraf""],""rights_id"":""rights.o015-habring-id-unit""}"
o015-modular-backend-record,1.0.0,term,term.frechet-derivative,"{""schema"":""o015-modular-backend-record"",""schema_version"":""1.0.0"",""entity_type"":""term"",""id"":""term.frechet-derivative"",""recorded_at"":""2026-08-21T10:54:38Z"",""responsible_workflow"":""o015-first-unit-backend-v1"",""status"":""accepted"",""concept_id"":""concept.frechet-derivative"",""locale"":""id-ID"",""source_term"":""Fréchet derivative"",""preferred"":""turunan Fréchet"",""variants"":[""diferensial Fréchet""],""rejected_forms"":[],""scope"":""analysis"",""register"":""formal"",""evidence_segment_ids"":[""d90.hab.v1.ch03.seg0001""],""examples"":[""Turunan Fréchet""],""rights_id"":""rights.o015-habring-id-unit""}"
o015-modular-backend-record,1.0.0,term,term.gradient,"{""schema"":""o015-modular-backend-record"",""schema_version"":""1.0.0"",""entity_type"":""term"",""id"":""term.gradient"",""recorded_at"":""2026-08-21T10:54:38Z"",""responsible_workflow"":""o015-first-unit-backend-v1"",""status"":""accepted"",""concept_id"":""concept.gradient"",""locale"":""id-ID"",""source_term"":""gradient"",""preferred"":""gradien"",""variants"":[],""rejected_forms"":[],""scope"":""analysis and optimization"",""register"":""formal"",""evidence_segment_ids"":[""d90.hab.v1.ch03.seg0001""],""examples"":[""gradien bergantung pada hasil kali dalam""],""rights_id"":""rights.o015-habring-id-unit""}"
o015-modular-backend-record,1.0.0,term,term.lower-semicontinuity,"{""schema"":""o015-modular-backend-record"",""schema_version"":""1.0.0"",""entity_type"":""term"",""id"":""term.lower-semicontinuity"",""recorded_at"":""2026-08-21T10:54:38Z"",""responsible_workflow"":""o015-first-unit-backend-v1"",""status"":""accepted"",""concept_id"":""concept.lower-semicontinuity"",""locale"":""id-ID"",""source_term"":""lower semicontinuous"",""preferred"":""semikontinu bawah"",""variants"":[""semikontinu dari bawah""],""rejected_forms"":[],""scope"":""convex analysis"",""register"":""formal"",""evidence_segment_ids"":[""d90.hab.v1.ch03.seg0010""],""examples"":[""fungsi semikontinu bawah""],""rights_id"":""rights.o015-habring-id-unit""}"
o015-modular-backend-record,1.0.0,term,term.metric-projection,"{""schema"":""o015-modular-backend-record"",""schema_version"":""1.0.0"",""entity_type"":""term"",""id"":""term.metric-projection"",""recorded_at"":""2026-08-21T17:04:02Z"",""responsible_workflow"":""o015-first-unit-backend-v1"",""status"":""accepted"",""concept_id"":""concept.metric-projection"",""locale"":""id-ID"",""source_term"":""metric projection"",""preferred"":""proyeksi metrik"",""variants"":[""proyeksi pada himpunan konveks""],""rejected_forms"":[],""scope"":""convex and nonsmooth optimization"",""register"":""formal"",""evidence_segment_ids"":[""d90.hab.v1.ch04.seg0002""],""examples"":[""proyeksi metrik""],""rights_id"":""rights.o015-habring-id-ch04""}"
o015-modular-backend-record,1.0.0,term,term.nonexpansive,"{""schema"":""o015-modular-backend-record"",""schema_version"":""1.0.0"",""entity_type"":""term"",""id"":""term.nonexpansive"",""recorded_at"":""2026-08-21T17:04:02Z"",""responsible_workflow"":""o015-first-unit-backend-v1"",""status"":""accepted"",""concept_id"":""concept.nonexpansive-mapping"",""locale"":""id-ID"",""source_term"":""nonexpansive"",""preferred"":""tak ekspansif"",""variants"":[""non-ekspansif""],""rejected_forms"":[],""scope"":""convex and nonsmooth optimization"",""register"":""formal"",""evidence_segment_ids"":[""d90.hab.v1.ch04.seg0004""],""examples"":[""tak ekspansif""],""rights_id"":""rights.o015-habring-id-ch04""}"
o015-modular-backend-record,1.0.0,term,term.normal-cone,"{""schema"":""o015-modular-backend-record"",""schema_version"":""1.0.0"",""entity_type"":""term"",""id"":""term.normal-cone"",""recorded_at"":""2026-08-21T10:54:38Z"",""responsible_workflow"":""o015-first-unit-backend-v1"",""status"":""accepted"",""concept_id"":""concept.normal-cone"",""locale"":""id-ID"",""source_term"":""normal cone"",""preferred"":""kerucut normal"",""variants"":[],""rejected_forms"":[],""scope"":""convex geometry"",""register"":""formal"",""evidence_segment_ids"":[""d90.hab.v1.ch03.seg0003""],""examples"":[""kerucut normal S di x""],""rights_id"":""rights.o015-habring-id-unit""}"
o015-modular-backend-record,1.0.0,term,term.polyak-step-size,"{""schema"":""o015-modular-backend-record"",""schema_version"":""1.0.0"",""entity_type"":""term"",""id"":""term.polyak-step-size"",""recorded_at"":""2026-08-21T17:04:02Z"",""responsible_workflow"":""o015-first-unit-backend-v1"",""status"":""accepted"",""concept_id"":""concept.polyak-step-size"",""locale"":""id-ID"",""source_term"":""Polyak step-size rule"",""preferred"":""aturan ukuran langkah Polyak"",""variants"":[""aturan langkah Polyak""],""rejected_forms"":[],""scope"":""convex and nonsmooth optimization"",""register"":""formal"",""evidence_segment_ids"":[""d90.hab.v1.ch04.seg0006""],""examples"":[""aturan ukuran langkah Polyak""],""rights_id"":""rights.o015-habring-id-ch04""}"
o015-modular-backend-record,1.0.0,term,term.projected-subgradient-method,"{""schema"":""o015-modular-backend-record"",""schema_version"":""1.0.0"",""entity_type"":""term"",""id"":""term.projected-subgradient-method"",""recorded_at"":""2026-08-21T17:04:02Z"",""responsible_workflow"":""o015-first-unit-backend-v1"",""status"":""accepted"",""concept_id"":""concept.projected-subgradient-method"",""locale"":""id-ID"",""source_term"":""projected subgradient method"",""preferred"":""metode subgradien terproyeksi"",""variants"":[],""rejected_forms"":[],""scope"":""convex and nonsmooth optimization"",""register"":""formal"",""evidence_segment_ids"":[""d90.hab.v1.ch04.seg0003""],""examples"":[""metode subgradien terproyeksi""],""rights_id"":""rights.o015-habring-id-ch04""}"
o015-modular-backend-record,1.0.0,term,term.proper-function,"{""schema"":""o015-modular-backend-record"",""schema_version"":""1.0.0"",""entity_type"":""term"",""id"":""term.proper-function"",""recorded_at"":""2026-08-21T10:54:38Z"",""responsible_workflow"":""o015-first-unit-backend-v1"",""status"":""accepted"",""concept_id"":""concept.proper-convex-function"",""locale"":""id-ID"",""source_term"":""proper function"",""preferred"":""fungsi sejati"",""variants"":[""fungsi proper""],""rejected_forms"":[],""scope"":""extended-real convex analysis"",""register"":""formal with source gloss"",""evidence_segment_ids"":[""d90.hab.v1.ch03.seg0006""],""examples"":[""sejati (proper)""],""rights_id"":""rights.o015-habring-id-unit""}"
o015-modular-backend-record,1.0.0,term,term.strongly-convex,"{""schema"":""o015-modular-backend-record"",""schema_version"":""1.0.0"",""entity_type"":""term"",""id"":""term.strongly-convex"",""recorded_at"":""2026-08-21T17:04:02Z"",""responsible_workflow"":""o015-first-unit-backend-v1"",""status"":""accepted"",""concept_id"":""concept.strong-convexity"",""locale"":""id-ID"",""source_term"":""strongly convex"",""preferred"":""konveks kuat"",""variants"":[],""rejected_forms"":[],""scope"":""convex and nonsmooth optimization"",""register"":""formal"",""evidence_segment_ids"":[""d90.hab.v1.ch04.seg0008""],""examples"":[""konveks kuat""],""rights_id"":""rights.o015-habring-id-ch04""}"
o015-modular-backend-record,1.0.0,term,term.subdifferential,"{""schema"":""o015-modular-backend-record"",""schema_version"":""1.0.0"",""entity_type"":""term"",""id"":""term.subdifferential"",""recorded_at"":""2026-08-21T10:54:38Z"",""responsible_workflow"":""o015-first-unit-backend-v1"",""status"":""accepted"",""concept_id"":""concept.convex-subdifferential"",""locale"":""id-ID"",""source_term"":""subdifferential"",""preferred"":""subdiferensial"",""variants"":[],""rejected_forms"":[],""scope"":""convex analysis"",""register"":""formal"",""evidence_segment_ids"":[""d90.hab.v1.ch03.seg0002""],""examples"":[""subdiferensial ∂f(x)""],""rights_id"":""rights.o015-habring-id-unit""}"
o015-modular-backend-record,1.0.0,term,term.subdifferential-calculus,"{""schema"":""o015-modular-backend-record"",""schema_version"":""1.0.0"",""entity_type"":""term"",""id"":""term.subdifferential-calculus"",""recorded_at"":""2026-08-21T10:54:38Z"",""responsible_workflow"":""o015-first-unit-backend-v1"",""status"":""accepted"",""concept_id"":""concept.subdifferential-calculus"",""locale"":""id-ID"",""source_term"":""subdifferential calculus"",""preferred"":""kalkulus subdiferensial"",""variants"":[""aturan hitung subdiferensial""],""rejected_forms"":[],""scope"":""convex analysis"",""register"":""formal"",""evidence_segment_ids"":[""d90.hab.v1.ch03.seg0010""],""examples"":[""kalkulus subdiferensial""],""rights_id"":""rights.o015-habring-id-unit""}"
o015-modular-backend-record,1.0.0,term,term.subgradient,"{""schema"":""o015-modular-backend-record"",""schema_version"":""1.0.0"",""entity_type"":""term"",""id"":""term.subgradient"",""recorded_at"":""2026-08-21T10:54:38Z"",""responsible_workflow"":""o015-first-unit-backend-v1"",""status"":""accepted"",""concept_id"":""concept.subgradient"",""locale"":""id-ID"",""source_term"":""subgradient"",""preferred"":""subgradien"",""variants"":[],""rejected_forms"":[],""scope"":""convex analysis"",""register"":""formal"",""evidence_segment_ids"":[""d90.hab.v1.ch03.seg0002""],""examples"":[""g sebagai subgradien""],""rights_id"":""rights.o015-habring-id-unit""}"
o015-modular-backend-record,1.0.0,term,term.supporting-hyperplane,"{""schema"":""o015-modular-backend-record"",""schema_version"":""1.0.0"",""entity_type"":""term"",""id"":""term.supporting-hyperplane"",""recorded_at"":""2026-08-21T10:54:38Z"",""responsible_workflow"":""o015-first-unit-backend-v1"",""status"":""accepted"",""concept_id"":""concept.supporting-hyperplane"",""locale"":""id-ID"",""source_term"":""supporting hyperplane"",""preferred"":""hiperbidang pendukung"",""variants"":[],""rejected_forms"":[],""scope"":""convex geometry"",""register"":""formal"",""evidence_segment_ids"":[""d90.hab.v1.ch03.seg0007""],""examples"":[""Teorema hiperbidang pendukung""],""rights_id"":""rights.o015-habring-id-unit""}"
o015-modular-backend-record,1.0.0,learning_surface,surface.habring.v1.ch03.answer-inventory,"{""schema"":""o015-modular-backend-record"",""schema_version"":""1.0.0"",""entity_type"":""learning_surface"",""id"":""surface.habring.v1.ch03.answer-inventory"",""recorded_at"":""2026-08-21T10:54:38Z"",""responsible_workflow"":""o015-first-unit-backend-v1"",""status"":""source_absent"",""unit_id"":""unit.habring.v1.ch03"",""surface_type"":""answer"",""presence"":""absent"",""count"":0,""absence_evidence"":""00_control/SOURCE_AUTHORITY.json learning_surfaces for o015-habring-arxiv-2607.11664v1"",""source_edition_id"":""edition.habring.convex-optimization.arxiv-2607-11664v1"",""target_edition_id"":""edition.habring.convex-optimization.id-id.v1"",""rights_id"":""rights.o015-habring-id-unit""}"
o015-modular-backend-record,1.0.0,learning_surface,surface.habring.v1.ch03.exercise01,"{""schema"":""o015-modular-backend-record"",""schema_version"":""1.0.0"",""entity_type"":""learning_surface"",""id"":""surface.habring.v1.ch03.exercise01"",""recorded_at"":""2026-08-21T10:54:38Z"",""responsible_workflow"":""o015-first-unit-backend-v1"",""status"":""present"",""unit_id"":""unit.habring.v1.ch03"",""surface_type"":""exercise"",""presence"":""present"",""order"":1,""source_local_id"":""chapter-3-theorem-scalar-rule-proof"",""source_local_label"":""Exercise."",""target_local_label"":""Latihan."",""related_segment_ids"":[""d90.hab.v1.ch03.seg0009""],""source_path"":""authority/habring/source-v1/subgradient.tex"",""source_line_start"":259,""source_line_end"":267,""source_locator"":""authority/habring/source-v1/subgradient.tex:259-267"",""source_content_sha256"":""c274e35a1cb3a5f2670b14a682f26632ac9e12cb703e7883fc25c70748110129"",""target_path"":""source/id-ID/habring-03-subgradien-id.tex"",""target_line_start"":271,""target_line_end"":279,""target_locator"":""source/id-ID/habring-03-subgradien-id.tex:271-279"",""target_content_sha256"":""17f1f6658742e99b640e88f7ffba485296c21587f49f3a7b618ec0bba154f87d"",""hash_normalization"":""sha256-utf8-lf-final-newline"",""hint_state"":""absent_in_source"",""answer_state"":""absent_in_source"",""solution_state"":""absent_in_source"",""translation_state"":""built"",""rights_id"":""rights.o015-habring-id-unit""}"
o015-modular-backend-record,1.0.0,learning_surface,surface.habring.v1.ch03.hint-inventory,"{""schema"":""o015-modular-backend-record"",""schema_version"":""1.0.0"",""entity_type"":""learning_surface"",""id"":""surface.habring.v1.ch03.hint-inventory"",""recorded_at"":""2026-08-21T10:54:38Z"",""responsible_workflow"":""o015-first-unit-backend-v1"",""status"":""source_absent"",""unit_id"":""unit.habring.v1.ch03"",""surface_type"":""hint"",""presence"":""absent"",""count"":0,""absence_evidence"":""00_control/SOURCE_AUTHORITY.json learning_surfaces for o015-habring-arxiv-2607.11664v1"",""source_edition_id"":""edition.habring.convex-optimization.arxiv-2607-11664v1"",""target_edition_id"":""edition.habring.convex-optimization.id-id.v1"",""rights_id"":""rights.o015-habring-id-unit""}"
o015-modular-backend-record,1.0.0,learning_surface,surface.habring.v1.ch03.solution-inventory,"{""schema"":""o015-modular-backend-record"",""schema_version"":""1.0.0"",""entity_type"":""learning_surface"",""id"":""surface.habring.v1.ch03.solution-inventory"",""recorded_at"":""2026-08-21T10:54:38Z"",""responsible_workflow"":""o015-first-unit-backend-v1"",""status"":""source_absent"",""unit_id"":""unit.habring.v1.ch03"",""surface_type"":""solution"",""presence"":""absent"",""count"":0,""absence_evidence"":""00_control/SOURCE_AUTHORITY.json learning_surfaces for o015-habring-arxiv-2607.11664v1"",""source_edition_id"":""edition.habring.convex-optimization.arxiv-2607-11664v1"",""target_edition_id"":""edition.habring.convex-optimization.id-id.v1"",""rights_id"":""rights.o015-habring-id-unit""}"
o015-modular-backend-record,1.0.0,learning_surface,surface.habring.v1.ch04.answer-inventory,"{""schema"":""o015-modular-backend-record"",""schema_version"":""1.0.0"",""entity_type"":""learning_surface"",""id"":""surface.habring.v1.ch04.answer-inventory"",""recorded_at"":""2026-08-21T17:04:02Z"",""responsible_workflow"":""o015-first-unit-backend-v1"",""status"":""source_absent"",""unit_id"":""unit.habring.v1.ch04"",""surface_type"":""answer"",""presence"":""absent"",""count"":0,""absence_evidence"":""00_control/SOURCE_AUTHORITY.json learning_surfaces for o015-habring-arxiv-2607.11664v1"",""source_edition_id"":""edition.habring.convex-optimization.arxiv-2607-11664v1"",""target_edition_id"":""edition.habring.convex-optimization.id-id.v1"",""rights_id"":""rights.o015-habring-id-ch04""}"
o015-modular-backend-record,1.0.0,learning_surface,surface.habring.v1.ch04.exercise01,"{""schema"":""o015-modular-backend-record"",""schema_version"":""1.0.0"",""entity_type"":""learning_surface"",""id"":""surface.habring.v1.ch04.exercise01"",""recorded_at"":""2026-08-21T17:04:02Z"",""responsible_workflow"":""o015-first-unit-backend-v1"",""status"":""present"",""unit_id"":""unit.habring.v1.ch04"",""surface_type"":""exercise"",""presence"":""present"",""order"":1,""source_local_id"":""chapter-4-informal-exercise-1"",""source_local_label"":""Projection onto a subspace"",""target_local_label"":""Projection onto a subspace"",""related_segment_ids"":[""d90.hab.v1.ch04.seg0003""],""concept_id"":""concept.metric-projection"",""source_path"":""authority/habring/source-v1/projected_subgradient_method.tex"",""source_line_start"":106,""source_line_end"":106,""source_locator"":""authority/habring/source-v1/projected_subgradient_method.tex:106-106"",""source_bytes"":119,""source_content_sha256"":""500af4cba5d3364a101f49e921e3f831638218bbf032d0549755f67cd9c28933"",""target_path"":""source/id-ID/habring-04-metode-subgradien-terproyeksi-id.tex"",""target_line_start"":123,""target_line_end"":123,""target_locator"":""source/id-ID/habring-04-metode-subgradien-terproyeksi-id.tex:123-123"",""target_bytes"":146,""target_content_sha256"":""d81dc0863ade614f13bb0c3e6061003a99be48c270f54257b6d62f4e8207144c"",""hash_normalization"":""sha256-utf8-lf-final-newline"",""hint_state"":""absent_in_source"",""answer_state"":""absent_in_source"",""solution_state"":""absent_in_source"",""translation_state"":""built"",""rights_id"":""rights.o015-habring-id-ch04""}"
o015-modular-backend-record,1.0.0,learning_surface,surface.habring.v1.ch04.exercise02,"{""schema"":""o015-modular-backend-record"",""schema_version"":""1.0.0"",""entity_type"":""learning_surface"",""id"":""surface.habring.v1.ch04.exercise02"",""recorded_at"":""2026-08-21T17:04:02Z"",""responsible_workflow"":""o015-first-unit-backend-v1"",""status"":""present"",""unit_id"":""unit.habring.v1.ch04"",""surface_type"":""exercise"",""presence"":""present"",""order"":2,""source_local_id"":""chapter-4-informal-exercise-2"",""source_local_label"":""Global Lipschitz continuity bounds subgradient norms"",""target_local_label"":""Global Lipschitz continuity bounds subgradient norms"",""related_segment_ids"":[""d90.hab.v1.ch04.seg0006""],""concept_id"":""concept.subgradient-norm-bound"",""source_path"":""authority/habring/source-v1/projected_subgradient_method.tex"",""source_line_start"":188,""source_line_end"":188,""source_locator"":""authority/habring/source-v1/projected_subgradient_method.tex:188-188"",""source_bytes"":91,""source_content_sha256"":""b8f9844256bb2c74fca47dcf0c75b228bb82337acc451651d474f9517929ffd0"",""target_path"":""source/id-ID/habring-04-metode-subgradien-terproyeksi-id.tex"",""target_line_start"":182,""target_line_end"":182,""target_locator"":""source/id-ID/habring-04-metode-subgradien-terproyeksi-id.tex:182-182"",""target_bytes"":364,""target_content_sha256"":""978b2748aa27e1ec22dd8713f9ef9ebefccad25715f356b29a764984cbdd6ad2"",""hash_normalization"":""sha256-utf8-lf-final-newline"",""hint_state"":""absent_in_source"",""answer_state"":""absent_in_source"",""solution_state"":""absent_in_source"",""translation_state"":""built"",""rights_id"":""rights.o015-habring-id-ch04""}"
o015-modular-backend-record,1.0.0,learning_surface,surface.habring.v1.ch04.hint-inventory,"{""schema"":""o015-modular-backend-record"",""schema_version"":""1.0.0"",""entity_type"":""learning_surface"",""id"":""surface.habring.v1.ch04.hint-inventory"",""recorded_at"":""2026-08-21T17:04:02Z"",""responsible_workflow"":""o015-first-unit-backend-v1"",""status"":""source_absent"",""unit_id"":""unit.habring.v1.ch04"",""surface_type"":""hint"",""presence"":""absent"",""count"":0,""absence_evidence"":""00_control/SOURCE_AUTHORITY.json learning_surfaces for o015-habring-arxiv-2607.11664v1"",""source_edition_id"":""edition.habring.convex-optimization.arxiv-2607-11664v1"",""target_edition_id"":""edition.habring.convex-optimization.id-id.v1"",""rights_id"":""rights.o015-habring-id-ch04""}"
o015-modular-backend-record,1.0.0,learning_surface,surface.habring.v1.ch04.solution-inventory,"{""schema"":""o015-modular-backend-record"",""schema_version"":""1.0.0"",""entity_type"":""learning_surface"",""id"":""surface.habring.v1.ch04.solution-inventory"",""recorded_at"":""2026-08-21T17:04:02Z"",""responsible_workflow"":""o015-first-unit-backend-v1"",""status"":""source_absent"",""unit_id"":""unit.habring.v1.ch04"",""surface_type"":""solution"",""presence"":""absent"",""count"":0,""absence_evidence"":""00_control/SOURCE_AUTHORITY.json learning_surfaces for o015-habring-arxiv-2607.11664v1"",""source_edition_id"":""edition.habring.convex-optimization.arxiv-2607-11664v1"",""target_edition_id"":""edition.habring.convex-optimization.id-id.v1"",""rights_id"":""rights.o015-habring-id-ch04""}"
o015-modular-backend-record,1.0.0,asset,asset.habring.v1.gradient-figure,"{""schema"":""o015-modular-backend-record"",""schema_version"":""1.0.0"",""entity_type"":""asset"",""id"":""asset.habring.v1.gradient-figure"",""recorded_at"":""2026-08-21T10:54:38Z"",""responsible_workflow"":""o015-first-unit-backend-v1"",""status"":""current"",""asset_kind"":""raster_figure"",""source_edition_id"":""edition.habring.convex-optimization.arxiv-2607-11664v1"",""target_edition_id"":""edition.habring.convex-optimization.id-id.v1"",""source_path"":""authority/habring/source-v1/figures/gradient.png"",""source_bytes"":29813,""source_sha256"":""1c237c8642b1a12197a12c337242815dafe90b310796dc877b699f0467a4ecce"",""target_path"":""source/id-ID/figures/gradient.png"",""target_bytes"":29813,""target_sha256"":""1c237c8642b1a12197a12c337242815dafe90b310796dc877b699f0467a4ecce"",""rights_id"":""rights.o015-habring-gradient-figure"",""related_segment_ids"":[""d90.hab.v1.ch03.seg0004""],""accessibility_description"":""Parabola halus dengan garis singgung putus-putus pada titik yang ditandai."",""provenance_caveat"":""Exact source bytes; no editable generating source or separate embedded rights notice.""}"
o015-modular-backend-record,1.0.0,asset,asset.habring.v1.macros-id,"{""schema"":""o015-modular-backend-record"",""schema_version"":""1.0.0"",""entity_type"":""asset"",""id"":""asset.habring.v1.macros-id"",""recorded_at"":""2026-08-21T10:54:38Z"",""responsible_workflow"":""o015-first-unit-backend-v1"",""status"":""current"",""asset_kind"":""latex_build_dependency"",""source_edition_id"":""edition.habring.convex-optimization.arxiv-2607-11664v1"",""target_edition_id"":""edition.habring.convex-optimization.id-id.v1"",""source_path"":""authority/habring/source-v1/macros.tex"",""source_bytes"":4017,""source_sha256"":""690ef578d545947425a851187ac0b5f45a1a326892a682bcd9d286abb72f924a"",""target_path"":""source/id-ID/macros-id.tex"",""target_bytes"":4465,""target_sha256"":""135642edfaffb7ec15e02e330dde76e694abe957da5f1a401c8563f9d885c1c2"",""rights_id"":""rights.o015-habring-macros"",""adaptation"":""Indonesian macro and language adaptation""}"
o015-modular-backend-record,1.0.0,asset,asset.habring.v1.shinybook-class,"{""schema"":""o015-modular-backend-record"",""schema_version"":""1.0.0"",""entity_type"":""asset"",""id"":""asset.habring.v1.shinybook-class"",""recorded_at"":""2026-08-21T10:54:38Z"",""responsible_workflow"":""o015-first-unit-backend-v1"",""status"":""current"",""asset_kind"":""latex_class"",""source_edition_id"":""edition.habring.convex-optimization.arxiv-2607-11664v1"",""target_edition_id"":""edition.habring.convex-optimization.id-id.v1"",""source_path"":""authority/habring/source-v1/shinybook.cls"",""source_bytes"":10133,""source_sha256"":""83514a06b2884dcaa02575bb3409d2f8cc9cf2fc6e6aef344b442d424850f2c0"",""target_path"":""source/id-ID/shinybook.cls"",""target_bytes"":10133,""target_sha256"":""83514a06b2884dcaa02575bb3409d2f8cc9cf2fc6e6aef344b442d424850f2c0"",""rights_id"":""rights.o015-habring-class"",""provenance_caveat"":""Submission-level CC BY evidence; preface credits Christian Clason's template; class has no separate notice.""}"
o015-modular-backend-record,1.0.0,asset,asset.habring.v1.subgradient-figure,"{""schema"":""o015-modular-backend-record"",""schema_version"":""1.0.0"",""entity_type"":""asset"",""id"":""asset.habring.v1.subgradient-figure"",""recorded_at"":""2026-08-21T10:54:38Z"",""responsible_workflow"":""o015-first-unit-backend-v1"",""status"":""current"",""asset_kind"":""raster_figure"",""source_edition_id"":""edition.habring.convex-optimization.arxiv-2607-11664v1"",""target_edition_id"":""edition.habring.convex-optimization.id-id.v1"",""source_path"":""authority/habring/source-v1/figures/subgradient.png"",""source_bytes"":36625,""source_sha256"":""4d41bd11afbd1c6c7b6b360d3edeffcd06ab1cdbc699f8909103f5928c737ba0"",""target_path"":""source/id-ID/figures/subgradient.png"",""target_bytes"":36625,""target_sha256"":""4d41bd11afbd1c6c7b6b360d3edeffcd06ab1cdbc699f8909103f5928c737ba0"",""rights_id"":""rights.o015-habring-subgradient-figure"",""related_segment_ids"":[""d90.hab.v1.ch03.seg0004""],""accessibility_description"":""Grafik berbentuk V dengan tiga garis pendukung berkemiringan berbeda melalui titik sudut."",""provenance_caveat"":""Exact source bytes; no editable generating source or separate embedded rights notice.""}"
o015-modular-backend-record,1.0.0,rights,rights.o015-habring-ch04-source,"{""schema"":""o015-modular-backend-record"",""schema_version"":""1.0.0"",""entity_type"":""rights"",""id"":""rights.o015-habring-ch04-source"",""recorded_at"":""2026-08-21T17:04:02Z"",""responsible_workflow"":""o015-first-unit-backend-v1"",""status"":""admitted"",""component_id"":""o015-habring-ch04-source"",""path"":""authority/habring/source-v1/projected_subgradient_method.tex"",""source_authority_id"":""o015-habring-arxiv-2607.11664v1"",""rights_expression"":""CC BY 4.0"",""authority_url"":""https://arxiv.org/abs/2607.11664v1"",""license_url"":""https://creativecommons.org/licenses/by/4.0/"",""translation_permitted"":true,""required_handling"":[""attribution"",""license link"",""change notice"",""no implied endorsement""],""notes"":""Chapter 4 source; corrections are explicit records.""}"
o015-modular-backend-record,1.0.0,rights,rights.o015-habring-class,"{""schema"":""o015-modular-backend-record"",""schema_version"":""1.0.0"",""entity_type"":""rights"",""id"":""rights.o015-habring-class"",""recorded_at"":""2026-08-21T10:54:38Z"",""responsible_workflow"":""o015-first-unit-backend-v1"",""status"":""admitted_with_notice"",""component_id"":""o015-habring-class"",""path"":""source/id-ID/shinybook.cls"",""source_authority_id"":""o015-habring-arxiv-2607.11664v1"",""rights_expression"":""CC BY 4.0 submission-level evidence"",""authority_url"":""https://arxiv.org/abs/2607.11664v1"",""license_url"":""https://creativecommons.org/licenses/by/4.0/"",""translation_permitted"":true,""required_handling"":[""retain source attribution"",""retain template-credit caveat""],""notes"":""Exact copy; no separate class notice.""}"
o015-modular-backend-record,1.0.0,rights,rights.o015-habring-gradient-figure,"{""schema"":""o015-modular-backend-record"",""schema_version"":""1.0.0"",""entity_type"":""rights"",""id"":""rights.o015-habring-gradient-figure"",""recorded_at"":""2026-08-21T10:54:38Z"",""responsible_workflow"":""o015-first-unit-backend-v1"",""status"":""admitted_with_notice"",""component_id"":""o015-habring-gradient-figure"",""path"":""source/id-ID/figures/gradient.png"",""source_authority_id"":""o015-habring-arxiv-2607.11664v1"",""rights_expression"":""CC BY 4.0 submission-level evidence"",""authority_url"":""https://arxiv.org/abs/2607.11664v1"",""license_url"":""https://creativecommons.org/licenses/by/4.0/"",""translation_permitted"":true,""required_handling"":[""retain exact bytes"",""retain caption"",""record missing generating source""],""notes"":""No separate embedded notice.""}"
o015-modular-backend-record,1.0.0,rights,rights.o015-habring-id-ch04,"{""schema"":""o015-modular-backend-record"",""schema_version"":""1.0.0"",""entity_type"":""rights"",""id"":""rights.o015-habring-id-ch04"",""recorded_at"":""2026-08-21T17:04:02Z"",""responsible_workflow"":""o015-first-unit-backend-v1"",""status"":""derivative"",""component_id"":""o015-habring-id-ch04"",""path"":""source/id-ID/habring-04-metode-subgradien-terproyeksi-id.tex"",""source_authority_id"":""o015-habring-arxiv-2607.11664v1"",""rights_expression"":""CC BY 4.0"",""authority_url"":""https://arxiv.org/abs/2607.11664v1"",""license_url"":""https://creativecommons.org/licenses/by/4.0/"",""translation_permitted"":true,""required_handling"":[""attribute Andreas Habring"",""link CC BY 4.0"",""identify translation and corrections"",""no implied endorsement""],""notes"":""Independent id-ID translation of Chapter 4.""}"
o015-modular-backend-record,1.0.0,rights,rights.o015-habring-id-unit,"{""schema"":""o015-modular-backend-record"",""schema_version"":""1.0.0"",""entity_type"":""rights"",""id"":""rights.o015-habring-id-unit"",""recorded_at"":""2026-08-21T10:54:38Z"",""responsible_workflow"":""o015-first-unit-backend-v1"",""status"":""derivative"",""component_id"":""o015-habring-id-unit"",""path"":""source/id-ID/habring-03-subgradien-id.tex"",""source_authority_id"":""o015-habring-arxiv-2607.11664v1"",""rights_expression"":""CC BY 4.0"",""authority_url"":""https://arxiv.org/abs/2607.11664v1"",""license_url"":""https://creativecommons.org/licenses/by/4.0/"",""translation_permitted"":true,""required_handling"":[""attribute Andreas Habring"",""link CC BY 4.0"",""identify translation and corrections"",""no implied endorsement""],""notes"":""Independent id-ID translation.""}"
o015-modular-backend-record,1.0.0,rights,rights.o015-habring-macros,"{""schema"":""o015-modular-backend-record"",""schema_version"":""1.0.0"",""entity_type"":""rights"",""id"":""rights.o015-habring-macros"",""recorded_at"":""2026-08-21T10:54:38Z"",""responsible_workflow"":""o015-first-unit-backend-v1"",""status"":""adapted"",""component_id"":""o015-habring-macros"",""path"":""source/id-ID/macros-id.tex"",""source_authority_id"":""o015-habring-arxiv-2607.11664v1"",""rights_expression"":""CC BY 4.0"",""authority_url"":""https://arxiv.org/abs/2607.11664v1"",""license_url"":""https://creativecommons.org/licenses/by/4.0/"",""translation_permitted"":true,""required_handling"":[""attribution"",""license link"",""change notice""],""notes"":""Indonesian adaptation of bundled macros.tex.""}"
o015-modular-backend-record,1.0.0,rights,rights.o015-habring-subgradient-figure,"{""schema"":""o015-modular-backend-record"",""schema_version"":""1.0.0"",""entity_type"":""rights"",""id"":""rights.o015-habring-subgradient-figure"",""recorded_at"":""2026-08-21T10:54:38Z"",""responsible_workflow"":""o015-first-unit-backend-v1"",""status"":""admitted_with_notice"",""component_id"":""o015-habring-subgradient-figure"",""path"":""source/id-ID/figures/subgradient.png"",""source_authority_id"":""o015-habring-arxiv-2607.11664v1"",""rights_expression"":""CC BY 4.0 submission-level evidence"",""authority_url"":""https://arxiv.org/abs/2607.11664v1"",""license_url"":""https://creativecommons.org/licenses/by/4.0/"",""translation_permitted"":true,""required_handling"":[""retain exact bytes"",""retain caption"",""record missing generating source""],""notes"":""No separate embedded notice.""}"
o015-modular-backend-record,1.0.0,rights,rights.o015-habring-text,"{""schema"":""o015-modular-backend-record"",""schema_version"":""1.0.0"",""entity_type"":""rights"",""id"":""rights.o015-habring-text"",""recorded_at"":""2026-08-21T10:54:38Z"",""responsible_workflow"":""o015-first-unit-backend-v1"",""status"":""admitted"",""component_id"":""o015-habring-text"",""path"":""authority/habring/source-v1/subgradient.tex"",""source_authority_id"":""o015-habring-arxiv-2607.11664v1"",""rights_expression"":""CC BY 4.0"",""authority_url"":""https://arxiv.org/abs/2607.11664v1"",""license_url"":""https://creativecommons.org/licenses/by/4.0/"",""translation_permitted"":true,""required_handling"":[""attribution"",""license link"",""change notice"",""no implied endorsement""],""notes"":""Chapter 3 source; corrections are explicit records.""}"
o015-modular-backend-record,1.0.0,rights,rights.o015-projected-subgradient-solver-validation,"{""schema"":""o015-modular-backend-record"",""schema_version"":""1.0.0"",""entity_type"":""rights"",""id"":""rights.o015-projected-subgradient-solver-validation"",""recorded_at"":""2026-08-21T17:04:02Z"",""responsible_workflow"":""o015-first-unit-backend-v1"",""status"":""admitted"",""component_id"":""o015-projected-subgradient-solver-validation"",""path"":""qa/validate_projected_subgradient_unit.py"",""source_authority_id"":""lane-authored"",""rights_expression"":""project-local validation code"",""authority_url"":""qa/validate_projected_subgradient_unit.py"",""license_url"":null,""translation_permitted"":false,""required_handling"":[""ship source with results"",""no proprietary runtime""],""notes"":""Uses NumPy/SciPy and the open SLSQP implementation.""}"
o015-modular-backend-record,1.0.0,rights,rights.o015-solver-validation,"{""schema"":""o015-modular-backend-record"",""schema_version"":""1.0.0"",""entity_type"":""rights"",""id"":""rights.o015-solver-validation"",""recorded_at"":""2026-08-21T10:54:38Z"",""responsible_workflow"":""o015-first-unit-backend-v1"",""status"":""admitted"",""component_id"":""o015-solver-validation"",""path"":""qa/validate_subgradient_unit.py"",""source_authority_id"":""lane-authored"",""rights_expression"":""project-local validation code"",""authority_url"":""qa/validate_subgradient_unit.py"",""license_url"":null,""translation_permitted"":false,""required_handling"":[""ship source with results"",""no proprietary runtime""],""notes"":""Uses NumPy/SciPy and open HiGHS/SLSQP implementations.""}"
o015-modular-backend-record,1.0.0,correction,correction.o015-hab-adv-0001,"{""schema"":""o015-modular-backend-record"",""schema_version"":""1.0.0"",""entity_type"":""correction"",""id"":""correction.o015-hab-adv-0001"",""recorded_at"":""2026-08-21T10:54:38Z"",""responsible_workflow"":""o015-first-unit-backend-v1"",""status"":""applied"",""source_event_id"":""O015-HAB-ADV-0001"",""source_edition_id"":""edition.habring.convex-optimization.arxiv-2607-11664v1"",""affected_unit_ids"":[""unit.habring.v1.ch03""],""affected_segment_ids"":[""d90.hab.v1.ch03.seg0001""],""source_path"":""authority/habring/source-v1/subgradient.tex"",""source_line_start"":13,""source_line_end"":19,""source_locator"":""authority/habring/source-v1/subgradient.tex:13-19"",""surface"":""Gradient definition"",""source_issue"":""The gradient definition ends by denoting an undefined/redundant A=Df(x)."",""target_action"":""Removed the stray sentence; the preceding Riesz representation equation already defines the gradient."",""correction_class"":""determined_math_editorial_correction"",""disposition"":""applied"",""upstream_report_disposition"":""not_submitted"",""evidence_artifact_id"":""artifact.o015.adverse-ledger""}"
o015-modular-backend-record,1.0.0,correction,correction.o015-hab-adv-0002,"{""schema"":""o015-modular-backend-record"",""schema_version"":""1.0.0"",""entity_type"":""correction"",""id"":""correction.o015-hab-adv-0002"",""recorded_at"":""2026-08-21T10:54:38Z"",""responsible_workflow"":""o015-first-unit-backend-v1"",""status"":""applied"",""source_event_id"":""O015-HAB-ADV-0002"",""source_edition_id"":""edition.habring.convex-optimization.arxiv-2607-11664v1"",""affected_unit_ids"":[""unit.habring.v1.ch03""],""affected_segment_ids"":[""d90.hab.v1.ch03.seg0002""],""source_path"":""authority/habring/source-v1/subgradient.tex"",""source_line_start"":41,""source_line_end"":50,""source_locator"":""authority/habring/source-v1/subgradient.tex:41-50"",""surface"":""Subdifferential definition"",""source_issue"":""The source maps f:X→Y, pairs with g∈X*, and quantifies y∈Y, which is type-inconsistent for a scalar subgradient inequality."",""target_action"":""Changed the codomain to (-∞,∞], quantified y∈X, defined x on dom(f), and stated the standard empty-subdifferential convention outside the domain."",""correction_class"":""determined_mathematical_correction"",""disposition"":""applied"",""upstream_report_disposition"":""not_submitted"",""evidence_artifact_id"":""artifact.o015.adverse-ledger""}"
o015-modular-backend-record,1.0.0,correction,correction.o015-hab-adv-0003,"{""schema"":""o015-modular-backend-record"",""schema_version"":""1.0.0"",""entity_type"":""correction"",""id"":""correction.o015-hab-adv-0003"",""recorded_at"":""2026-08-21T10:54:38Z"",""responsible_workflow"":""o015-first-unit-backend-v1"",""status"":""applied"",""source_event_id"":""O015-HAB-ADV-0003"",""source_edition_id"":""edition.habring.convex-optimization.arxiv-2607-11664v1"",""affected_unit_ids"":[""unit.habring.v1.ch03""],""affected_segment_ids"":[""d90.hab.v1.ch03.seg0003""],""source_path"":""authority/habring/source-v1/subgradient.tex"",""source_line_start"":65,""source_line_end"":68,""source_locator"":""authority/habring/source-v1/subgradient.tex:65-68"",""surface"":""l1 dual-ball example"",""source_issue"":""The infinity-norm delimiter is malformed."",""target_action"":""Normalized it to the standard infinity-norm delimiter."",""correction_class"":""determined_notation_correction"",""disposition"":""applied"",""upstream_report_disposition"":""not_submitted"",""evidence_artifact_id"":""artifact.o015.adverse-ledger""}"
o015-modular-backend-record,1.0.0,correction,correction.o015-hab-adv-0004,"{""schema"":""o015-modular-backend-record"",""schema_version"":""1.0.0"",""entity_type"":""correction"",""id"":""correction.o015-hab-adv-0004"",""recorded_at"":""2026-08-21T10:54:38Z"",""responsible_workflow"":""o015-first-unit-backend-v1"",""status"":""applied"",""source_event_id"":""O015-HAB-ADV-0004"",""source_edition_id"":""edition.habring.convex-optimization.arxiv-2607-11664v1"",""affected_unit_ids"":[""unit.habring.v1.ch03""],""affected_segment_ids"":[""d90.hab.v1.ch03.seg0004""],""source_path"":""authority/habring/source-v1/subgradient.tex"",""source_line_start"":88,""source_line_end"":101,""source_locator"":""authority/habring/source-v1/subgradient.tex:88-101"",""surface"":""Differentiable convex function lemma"",""source_issue"":""The proof derives only one inequality and asserts equality without the reverse inequality."",""target_action"":""Applied the same inequality to -h to derive the reverse direction explicitly."",""correction_class"":""determined_proof_correction"",""disposition"":""applied"",""upstream_report_disposition"":""not_submitted"",""evidence_artifact_id"":""artifact.o015.adverse-ledger""}"
o015-modular-backend-record,1.0.0,correction,correction.o015-hab-adv-0005,"{""schema"":""o015-modular-backend-record"",""schema_version"":""1.0.0"",""entity_type"":""correction"",""id"":""correction.o015-hab-adv-0005"",""recorded_at"":""2026-08-21T10:54:38Z"",""responsible_workflow"":""o015-first-unit-backend-v1"",""status"":""applied"",""source_event_id"":""O015-HAB-ADV-0005"",""source_edition_id"":""edition.habring.convex-optimization.arxiv-2607-11664v1"",""affected_unit_ids"":[""unit.habring.v1.ch03""],""affected_segment_ids"":[""d90.hab.v1.ch03.seg0004""],""source_path"":""authority/habring/source-v1/subgradient.tex"",""source_line_start"":102,""source_line_end"":102,""source_locator"":""authority/habring/source-v1/subgradient.tex:102-102"",""surface"":""Singleton-subdifferential converse"",""source_issue"":""The unqualified converse is unsafe in arbitrary infinite-dimensional settings."",""target_action"":""Qualified the claim to finite dimensions and local finiteness of the convex function."",""correction_class"":""domain_scope_correction"",""disposition"":""applied"",""upstream_report_disposition"":""not_submitted"",""evidence_artifact_id"":""artifact.o015.adverse-ledger""}"
o015-modular-backend-record,1.0.0,correction,correction.o015-hab-adv-0006,"{""schema"":""o015-modular-backend-record"",""schema_version"":""1.0.0"",""entity_type"":""correction"",""id"":""correction.o015-hab-adv-0006"",""recorded_at"":""2026-08-21T10:54:38Z"",""responsible_workflow"":""o015-first-unit-backend-v1"",""status"":""applied"",""source_event_id"":""O015-HAB-ADV-0006"",""source_edition_id"":""edition.habring.convex-optimization.arxiv-2607-11664v1"",""affected_unit_ids"":[""unit.habring.v1.ch03""],""affected_segment_ids"":[""d90.hab.v1.ch03.seg0005""],""source_path"":""authority/habring/source-v1/subgradient.tex"",""source_line_start"":134,""source_line_end"":161,""source_locator"":""authority/habring/source-v1/subgradient.tex:134-161"",""surface"":""Convexity from subgradients lemma"",""source_issue"":""The codomain is an arbitrary Y although the proof uses scalar inequalities."",""target_action"":""Changed the codomain to (-∞,∞]."",""correction_class"":""determined_type_correction"",""disposition"":""applied"",""upstream_report_disposition"":""not_submitted"",""evidence_artifact_id"":""artifact.o015.adverse-ledger""}"
o015-modular-backend-record,1.0.0,correction,correction.o015-hab-adv-0007,"{""schema"":""o015-modular-backend-record"",""schema_version"":""1.0.0"",""entity_type"":""correction"",""id"":""correction.o015-hab-adv-0007"",""recorded_at"":""2026-08-21T10:54:38Z"",""responsible_workflow"":""o015-first-unit-backend-v1"",""status"":""applied"",""source_event_id"":""O015-HAB-ADV-0007"",""source_edition_id"":""edition.habring.convex-optimization.arxiv-2607-11664v1"",""affected_unit_ids"":[""unit.habring.v1.ch03""],""affected_segment_ids"":[""d90.hab.v1.ch03.seg0006""],""source_path"":""authority/habring/source-v1/subgradient.tex"",""source_line_start"":184,""source_line_end"":208,""source_locator"":""authority/habring/source-v1/subgradient.tex:184-208"",""surface"":""Empty-interior convex-set proof"",""source_issue"":""The midpoint is unnamed, but the final combination uses x+h and concludes with a ball centered at 0."",""target_action"":""Named the midpoint x_star and consistently proved B_epsilon(x_star)⊂C."",""correction_class"":""determined_proof_notation_correction"",""disposition"":""applied"",""upstream_report_disposition"":""not_submitted"",""evidence_artifact_id"":""artifact.o015.adverse-ledger""}"
o015-modular-backend-record,1.0.0,correction,correction.o015-hab-adv-0008,"{""schema"":""o015-modular-backend-record"",""schema_version"":""1.0.0"",""entity_type"":""correction"",""id"":""correction.o015-hab-adv-0008"",""recorded_at"":""2026-08-21T10:54:38Z"",""responsible_workflow"":""o015-first-unit-backend-v1"",""status"":""applied"",""source_event_id"":""O015-HAB-ADV-0008"",""source_edition_id"":""edition.habring.convex-optimization.arxiv-2607-11664v1"",""affected_unit_ids"":[""unit.habring.v1.ch03""],""affected_segment_ids"":[""d90.hab.v1.ch03.seg0006"",""d90.hab.v1.ch03.seg0007"",""d90.hab.v1.ch03.seg0008""],""source_path"":""authority/habring/source-v1/subgradient.tex"",""source_line_start"":166,""source_line_end"":253,""source_locator"":""authority/habring/source-v1/subgradient.tex:166-253"",""surface"":""Supporting-hyperplane and subgradient-existence theorems"",""source_issue"":""The statements are general while the proof explicitly uses finite dimensions."",""target_action"":""Restricted the statements to finite-dimensional real normed spaces and normalized V/X notation."",""correction_class"":""domain_scope_correction"",""disposition"":""applied"",""upstream_report_disposition"":""not_submitted"",""evidence_artifact_id"":""artifact.o015.adverse-ledger""}"
o015-modular-backend-record,1.0.0,correction,correction.o015-hab-adv-0009,"{""schema"":""o015-modular-backend-record"",""schema_version"":""1.0.0"",""entity_type"":""correction"",""id"":""correction.o015-hab-adv-0009"",""recorded_at"":""2026-08-21T10:54:38Z"",""responsible_workflow"":""o015-first-unit-backend-v1"",""status"":""reviewed_no_change"",""source_event_id"":""O015-HAB-ADV-0009"",""source_edition_id"":""edition.habring.convex-optimization.arxiv-2607-11664v1"",""affected_unit_ids"":[""unit.habring.v1.ch03""],""affected_segment_ids"":[""d90.hab.v1.ch03.seg0009""],""source_path"":""authority/habring/source-v1/subgradient.tex"",""source_line_start"":259,""source_line_end"":267,""source_locator"":""authority/habring/source-v1/subgradient.tex:259-267"",""surface"":""Nonnegative scalar rule"",""source_issue"":""An interim audit questioned the α=0 endpoint."",""target_action"":""Retained α≥0 because f is finite-real on finite-dimensional V, making the zero case unambiguous."",""correction_class"":""audit_disposition_no_change"",""disposition"":""reviewed_no_change"",""upstream_report_disposition"":""not_submitted"",""evidence_artifact_id"":""artifact.o015.adverse-ledger""}"
o015-modular-backend-record,1.0.0,correction,correction.o015-hab-adv-0010,"{""schema"":""o015-modular-backend-record"",""schema_version"":""1.0.0"",""entity_type"":""correction"",""id"":""correction.o015-hab-adv-0010"",""recorded_at"":""2026-08-21T10:54:38Z"",""responsible_workflow"":""o015-first-unit-backend-v1"",""status"":""applied"",""source_event_id"":""O015-HAB-ADV-0010"",""source_edition_id"":""edition.habring.convex-optimization.arxiv-2607-11664v1"",""affected_unit_ids"":[""unit.habring.v1.ch03""],""affected_segment_ids"":[""d90.hab.v1.ch03.seg0009""],""source_path"":""authority/habring/source-v1/subgradient.tex"",""source_line_start"":269,""source_line_end"":296,""source_locator"":""authority/habring/source-v1/subgradient.tex:269-296"",""surface"":""Sum rule"",""source_issue"":""The displayed right-hand side omits evaluation at x."",""target_action"":""Restored ∂(f+g)(x)."",""correction_class"":""determined_notation_correction"",""disposition"":""applied"",""upstream_report_disposition"":""not_submitted"",""evidence_artifact_id"":""artifact.o015.adverse-ledger""}"
o015-modular-backend-record,1.0.0,correction,correction.o015-hab-adv-0011,"{""schema"":""o015-modular-backend-record"",""schema_version"":""1.0.0"",""entity_type"":""correction"",""id"":""correction.o015-hab-adv-0011"",""recorded_at"":""2026-08-21T10:54:38Z"",""responsible_workflow"":""o015-first-unit-backend-v1"",""status"":""applied"",""source_event_id"":""O015-HAB-ADV-0011"",""source_edition_id"":""edition.habring.convex-optimization.arxiv-2607-11664v1"",""affected_unit_ids"":[""unit.habring.v1.ch03""],""affected_segment_ids"":[""d90.hab.v1.ch03.seg0010""],""source_path"":""authority/habring/source-v1/subgradient.tex"",""source_line_start"":299,""source_line_end"":306,""source_locator"":""authority/habring/source-v1/subgradient.tex:299-306"",""surface"":""Affine-composition rule"",""source_issue"":""The strong-rule condition does not state the range/interior qualification."",""target_action"":""Used the sufficient condition Ax0+b∈dom(f)°."",""correction_class"":""domain_scope_correction"",""disposition"":""applied"",""upstream_report_disposition"":""not_submitted"",""evidence_artifact_id"":""artifact.o015.adverse-ledger""}"
o015-modular-backend-record,1.0.0,correction,correction.o015-hab-adv-0012,"{""schema"":""o015-modular-backend-record"",""schema_version"":""1.0.0"",""entity_type"":""correction"",""id"":""correction.o015-hab-adv-0012"",""recorded_at"":""2026-08-21T10:54:38Z"",""responsible_workflow"":""o015-first-unit-backend-v1"",""status"":""applied"",""source_event_id"":""O015-HAB-ADV-0012"",""source_edition_id"":""edition.habring.convex-optimization.arxiv-2607-11664v1"",""affected_unit_ids"":[""unit.habring.v1.ch03""],""affected_segment_ids"":[""d90.hab.v1.ch03.seg0010""],""source_path"":""authority/habring/source-v1/subgradient.tex"",""source_line_start"":310,""source_line_end"":317,""source_locator"":""authority/habring/source-v1/subgradient.tex:310-317"",""surface"":""Scalar convex-composition rule"",""source_issue"":""The source gives no local domain qualification at x."",""target_action"":""Required x∈dom(f)° while retaining differentiability of g at f(x)."",""correction_class"":""domain_scope_correction"",""disposition"":""applied"",""upstream_report_disposition"":""not_submitted"",""evidence_artifact_id"":""artifact.o015.adverse-ledger""}"
o015-modular-backend-record,1.0.0,correction,correction.o015-hab-adv-0013,"{""schema"":""o015-modular-backend-record"",""schema_version"":""1.0.0"",""entity_type"":""correction"",""id"":""correction.o015-hab-adv-0013"",""recorded_at"":""2026-08-21T10:54:38Z"",""responsible_workflow"":""o015-first-unit-backend-v1"",""status"":""applied"",""source_event_id"":""O015-HAB-ADV-0013"",""source_edition_id"":""edition.habring.convex-optimization.arxiv-2607-11664v1"",""affected_unit_ids"":[""unit.habring.v1.ch03""],""affected_segment_ids"":[""d90.hab.v1.ch03.seg0004""],""source_path"":""authority/habring/source-v1/subgradient.tex"",""source_line_start"":92,""source_line_end"":94,""source_locator"":""authority/habring/source-v1/subgradient.tex:92-94"",""surface"":""Cross-reference to Chapter 2"",""source_issue"":""The standalone reader cannot resolve the source first-order-characterization label."",""target_action"":""Replaced the rendered cross-reference with the concept name and declared the prerequisite; the dependency remains in backend relations."",""correction_class"":""bounded_dependency_bridge"",""disposition"":""applied"",""upstream_report_disposition"":""not_submitted"",""evidence_artifact_id"":""artifact.o015.adverse-ledger""}"
o015-modular-backend-record,1.0.0,correction,correction.o015-hab-adv-0014,"{""schema"":""o015-modular-backend-record"",""schema_version"":""1.0.0"",""entity_type"":""correction"",""id"":""correction.o015-hab-adv-0014"",""recorded_at"":""2026-08-21T10:54:38Z"",""responsible_workflow"":""o015-first-unit-backend-v1"",""status"":""applied"",""source_event_id"":""O015-HAB-ADV-0014"",""source_edition_id"":""edition.habring.convex-optimization.arxiv-2607-11664v1"",""affected_unit_ids"":[""unit.habring.v1.ch03""],""affected_segment_ids"":[""d90.hab.v1.ch03.seg0003""],""source_path"":""authority/habring/source-v1/subgradient.tex"",""source_line_start"":61,""source_line_end"":64,""source_locator"":""authority/habring/source-v1/subgradient.tex:61-64"",""surface"":""Dual norm definition"",""source_issue"":""The supremum omits absolute value and reverses the established dual-pairing order."",""target_action"":""Wrote the standard absolute dual pairing with functional first."",""correction_class"":""determined_notation_correction"",""disposition"":""applied"",""upstream_report_disposition"":""not_submitted"",""evidence_artifact_id"":""artifact.o015.adverse-ledger""}"
o015-modular-backend-record,1.0.0,correction,correction.o015-hab-adv-0015,"{""schema"":""o015-modular-backend-record"",""schema_version"":""1.0.0"",""entity_type"":""correction"",""id"":""correction.o015-hab-adv-0015"",""recorded_at"":""2026-08-21T10:54:38Z"",""responsible_workflow"":""o015-first-unit-backend-v1"",""status"":""applied"",""source_event_id"":""O015-HAB-ADV-0015"",""source_edition_id"":""edition.habring.convex-optimization.arxiv-2607-11664v1"",""affected_unit_ids"":[""unit.habring.v1.ch03""],""affected_segment_ids"":[""d90.hab.v1.ch03.seg0006""],""source_path"":""authority/habring/source-v1/subgradient.tex"",""source_line_start"":184,""source_line_end"":208,""source_locator"":""authority/habring/source-v1/subgradient.tex:184-208"",""surface"":""Empty-interior convex-set lemma"",""source_issue"":""The proof omits the empty set and assumes exactly d-1 independent points."",""target_action"":""Handled the empty case, chose a maximal independent subset, embedded its span in a hyperplane, and made translation back explicit."",""correction_class"":""determined_proof_correction"",""disposition"":""applied"",""upstream_report_disposition"":""not_submitted"",""evidence_artifact_id"":""artifact.o015.adverse-ledger""}"
o015-modular-backend-record,1.0.0,correction,correction.o015-hab-adv-0016,"{""schema"":""o015-modular-backend-record"",""schema_version"":""1.0.0"",""entity_type"":""correction"",""id"":""correction.o015-hab-adv-0016"",""recorded_at"":""2026-08-21T10:54:38Z"",""responsible_workflow"":""o015-first-unit-backend-v1"",""status"":""applied"",""source_event_id"":""O015-HAB-ADV-0016"",""source_edition_id"":""edition.habring.convex-optimization.arxiv-2607-11664v1"",""affected_unit_ids"":[""unit.habring.v1.ch03""],""affected_segment_ids"":[""d90.hab.v1.ch03.seg0007""],""source_path"":""authority/habring/source-v1/subgradient.tex"",""source_line_start"":209,""source_line_end"":223,""source_locator"":""authority/habring/source-v1/subgradient.tex:209-223"",""surface"":""Supporting-hyperplane proof"",""source_issue"":""The proof omits extension from the interior and mishandles the lower-dimensional affine set and pairing order."",""target_action"":""Extended by closure and continuity, used the hyperplane lemma, and restored functional-first pairing."",""correction_class"":""determined_proof_correction"",""disposition"":""applied"",""upstream_report_disposition"":""not_submitted"",""evidence_artifact_id"":""artifact.o015.adverse-ledger""}"
o015-modular-backend-record,1.0.0,correction,correction.o015-hab-adv-0017,"{""schema"":""o015-modular-backend-record"",""schema_version"":""1.0.0"",""entity_type"":""correction"",""id"":""correction.o015-hab-adv-0017"",""recorded_at"":""2026-08-21T10:54:38Z"",""responsible_workflow"":""o015-first-unit-backend-v1"",""status"":""applied"",""source_event_id"":""O015-HAB-ADV-0017"",""source_edition_id"":""edition.habring.convex-optimization.arxiv-2607-11664v1"",""affected_unit_ids"":[""unit.habring.v1.ch03""],""affected_segment_ids"":[""d90.hab.v1.ch03.seg0006""],""source_path"":""authority/habring/source-v1/subgradient.tex"",""source_line_start"":171,""source_line_end"":182,""source_locator"":""authority/habring/source-v1/subgradient.tex:171-182"",""surface"":""Interior-of-convex-set proof"",""source_issue"":""The radius epsilon is introduced without explicitly requiring positivity."",""target_action"":""Made epsilon>0 explicit."",""correction_class"":""determined_proof_precision_correction"",""disposition"":""applied"",""upstream_report_disposition"":""not_submitted"",""evidence_artifact_id"":""artifact.o015.adverse-ledger""}"
o015-modular-backend-record,1.0.0,correction,correction.o015-hab-adv-0018,"{""schema"":""o015-modular-backend-record"",""schema_version"":""1.0.0"",""entity_type"":""correction"",""id"":""correction.o015-hab-adv-0018"",""recorded_at"":""2026-08-21T10:54:38Z"",""responsible_workflow"":""o015-first-unit-backend-v1"",""status"":""applied"",""source_event_id"":""O015-HAB-ADV-0018"",""source_edition_id"":""edition.habring.convex-optimization.arxiv-2607-11664v1"",""affected_unit_ids"":[""unit.habring.v1.ch03""],""affected_segment_ids"":[""d90.hab.v1.ch03.seg0001"",""d90.hab.v1.ch03.seg0004"",""d90.hab.v1.ch03.seg0005"",""d90.hab.v1.ch03.seg0006"",""d90.hab.v1.ch03.seg0007"",""d90.hab.v1.ch03.seg0008"",""d90.hab.v1.ch03.seg0009"",""d90.hab.v1.ch03.seg0010"",""d90.hab.v1.ch03.seg0011""],""source_path"":""authority/habring/source-v1/subgradient.tex"",""source_line_start"":1,""source_line_end"":342,""source_locator"":""authority/habring/source-v1/subgradient.tex:1-342"",""surface"":""Standing space and pairing conventions"",""source_issue"":""The chapter alternates among undefined X, Y, V, and W and leaves hypotheses implicit."",""target_action"":""Declared normed, Hilbert, and finite-dimensional roles and the functional-first pairing order; standardized notation."",""correction_class"":""domain_scope_and_notation_correction"",""disposition"":""applied"",""upstream_report_disposition"":""not_submitted"",""evidence_artifact_id"":""artifact.o015.adverse-ledger""}"
o015-modular-backend-record,1.0.0,correction,correction.o015-hab-adv-0019,"{""schema"":""o015-modular-backend-record"",""schema_version"":""1.0.0"",""entity_type"":""correction"",""id"":""correction.o015-hab-adv-0019"",""recorded_at"":""2026-08-21T17:04:02Z"",""responsible_workflow"":""o015-first-unit-backend-v1"",""status"":""applied"",""source_event_id"":""O015-HAB-ADV-0019"",""source_edition_id"":""edition.habring.convex-optimization.arxiv-2607-11664v1"",""affected_unit_ids"":[""unit.habring.v1.ch04""],""affected_segment_ids"":[""d90.hab.v1.ch04.seg0001""],""source_path"":""authority/habring/source-v1/projected_subgradient_method.tex"",""source_line_start"":2,""source_line_end"":22,""source_locator"":""authority/habring/source-v1/projected_subgradient_method.tex:2-22"",""surface"":""Constrained-problem setup"",""source_issue"":""The source declares f only on C but then evaluates f+delta_C over R^d, says it may extend f outside R^d rather than outside C, and leaves the ambient space, feasible initial point, and minimizer implicit."",""target_action"":""Declared a real Hilbert ambient space V, nonempty closed convex C, convex f:V→R, x0∈C, and x*∈argmin_C f; wrote the indicator formulation over V and corrected the footnote."",""correction_class"":""domain_scope_and_type_correction"",""disposition"":""applied"",""upstream_report_disposition"":""not_submitted"",""evidence_artifact_id"":""artifact.o015.adverse-ledger""}"
o015-modular-backend-record,1.0.0,correction,correction.o015-hab-adv-0020,"{""schema"":""o015-modular-backend-record"",""schema_version"":""1.0.0"",""entity_type"":""correction"",""id"":""correction.o015-hab-adv-0020"",""recorded_at"":""2026-08-21T17:04:02Z"",""responsible_workflow"":""o015-first-unit-backend-v1"",""status"":""applied"",""source_event_id"":""O015-HAB-ADV-0020"",""source_edition_id"":""edition.habring.convex-optimization.arxiv-2607-11664v1"",""affected_unit_ids"":[""unit.habring.v1.ch04""],""affected_segment_ids"":[""d90.hab.v1.ch04.seg0002"",""d90.hab.v1.ch04.seg0003""],""source_path"":""authority/habring/source-v1/projected_subgradient_method.tex"",""source_line_start"":24,""source_line_end"":67,""source_locator"":""authority/habring/source-v1/projected_subgradient_method.tex:24-67"",""surface"":""Projection theorem and proof"",""source_issue"":""The theorem mixes an arbitrary inner-product space V with a map from R^d and proves existence by the false infinite-dimensional implication that a bounded sequence has a convergent subsequence."",""target_action"":""Stated the theorem on a real Hilbert space with proj_C:V→C and replaced existence and uniqueness with the parallelogram-identity, Cauchy-sequence, completeness, closedness, and midpoint proof."",""correction_class"":""determined_theorem_and_proof_correction"",""disposition"":""applied"",""upstream_report_disposition"":""not_submitted"",""evidence_artifact_id"":""artifact.o015.adverse-ledger""}"
o015-modular-backend-record,1.0.0,correction,correction.o015-hab-adv-0021,"{""schema"":""o015-modular-backend-record"",""schema_version"":""1.0.0"",""entity_type"":""correction"",""id"":""correction.o015-hab-adv-0021"",""recorded_at"":""2026-08-21T17:04:02Z"",""responsible_workflow"":""o015-first-unit-backend-v1"",""status"":""applied"",""source_event_id"":""O015-HAB-ADV-0021"",""source_edition_id"":""edition.habring.convex-optimization.arxiv-2607-11664v1"",""affected_unit_ids"":[""unit.habring.v1.ch04""],""affected_segment_ids"":[""d90.hab.v1.ch04.seg0003"",""d90.hab.v1.ch04.seg0004""],""source_path"":""authority/habring/source-v1/projected_subgradient_method.tex"",""source_line_start"":69,""source_line_end"":135,""source_locator"":""authority/habring/source-v1/projected_subgradient_method.tex:69-135"",""surface"":""Projection characterization and nonexpansiveness"",""source_issue"":""The source assumes only convexity while both results use a well-defined metric projection, which also requires the stated nonempty, closed, convex set in a Hilbert space."",""target_action"":""Repeated the complete Hilbert-space and set hypotheses in the lemma and proposition."",""correction_class"":""missing_hypothesis_correction"",""disposition"":""applied"",""upstream_report_disposition"":""not_submitted"",""evidence_artifact_id"":""artifact.o015.adverse-ledger""}"
o015-modular-backend-record,1.0.0,correction,correction.o015-hab-adv-0022,"{""schema"":""o015-modular-backend-record"",""schema_version"":""1.0.0"",""entity_type"":""correction"",""id"":""correction.o015-hab-adv-0022"",""recorded_at"":""2026-08-21T17:04:02Z"",""responsible_workflow"":""o015-first-unit-backend-v1"",""status"":""applied"",""source_event_id"":""O015-HAB-ADV-0022"",""source_edition_id"":""edition.habring.convex-optimization.arxiv-2607-11664v1"",""affected_unit_ids"":[""unit.habring.v1.ch04""],""affected_segment_ids"":[""d90.hab.v1.ch04.seg0005""],""source_path"":""authority/habring/source-v1/projected_subgradient_method.tex"",""source_line_start"":136,""source_line_end"":153,""source_locator"":""authority/habring/source-v1/projected_subgradient_method.tex:136-153"",""surface"":""Fundamental projected-subgradient inequality"",""source_issue"":""The lemma uses proj_C(x*)=x* and optimality of x* without declaring x* feasible or minimizing, and leaves the sign of the step size implicit."",""target_action"":""Declared x*∈argmin_C f and tau_k≥0 in the lemma."",""correction_class"":""missing_hypothesis_correction"",""disposition"":""applied"",""upstream_report_disposition"":""not_submitted"",""evidence_artifact_id"":""artifact.o015.adverse-ledger""}"
o015-modular-backend-record,1.0.0,correction,correction.o015-hab-adv-0023,"{""schema"":""o015-modular-backend-record"",""schema_version"":""1.0.0"",""entity_type"":""correction"",""id"":""correction.o015-hab-adv-0023"",""recorded_at"":""2026-08-21T17:04:02Z"",""responsible_workflow"":""o015-first-unit-backend-v1"",""status"":""applied"",""source_event_id"":""O015-HAB-ADV-0023"",""source_edition_id"":""edition.habring.convex-optimization.arxiv-2607-11664v1"",""affected_unit_ids"":[""unit.habring.v1.ch04""],""affected_segment_ids"":[""d90.hab.v1.ch04.seg0006"",""d90.hab.v1.ch04.seg0007"",""d90.hab.v1.ch04.seg0008""],""source_path"":""authority/habring/source-v1/projected_subgradient_method.tex"",""source_line_start"":163,""source_line_end"":290,""source_locator"":""authority/habring/source-v1/projected_subgradient_method.tex:163-290"",""surface"":""Subgradient norm bound in convergence proofs"",""source_issue"":""The source repeatedly infers ||g_k||≤L from Lipschitz continuity on the constrained domain, which does not bound arbitrary relative subgradients at the boundary."",""target_action"":""Assumed explicitly that the selected subgradients satisfy ||g_k||≤L and retained the globally Lipschitz convex sufficient condition as a corrected exercise."",""correction_class"":""determined_hypothesis_correction"",""disposition"":""applied"",""upstream_report_disposition"":""not_submitted"",""evidence_artifact_id"":""artifact.o015.adverse-ledger""}"
o015-modular-backend-record,1.0.0,correction,correction.o015-hab-adv-0024,"{""schema"":""o015-modular-backend-record"",""schema_version"":""1.0.0"",""entity_type"":""correction"",""id"":""correction.o015-hab-adv-0024"",""recorded_at"":""2026-08-21T17:04:02Z"",""responsible_workflow"":""o015-first-unit-backend-v1"",""status"":""applied"",""source_event_id"":""O015-HAB-ADV-0024"",""source_edition_id"":""edition.habring.convex-optimization.arxiv-2607-11664v1"",""affected_unit_ids"":[""unit.habring.v1.ch04""],""affected_segment_ids"":[""d90.hab.v1.ch04.seg0006""],""source_path"":""authority/habring/source-v1/projected_subgradient_method.tex"",""source_line_start"":162,""source_line_end"":200,""source_locator"":""authority/habring/source-v1/projected_subgradient_method.tex:162-200"",""surface"":""Polyak step-size theorem and rate"",""source_issue"":""The theorem compares a squared norm with an unsquared norm, claims strict decrease merely from nonzero g_k, uses x_K in a k-limit, shifts summation indices, and omits the square in the best-iterate estimate."",""target_action"":""Restored squared norms and gaps, made strictness depend on a positive objective gap, made indices and sums consistent through N, and proved the corrected N^{-1/2} best-iterate bound."",""correction_class"":""determined_theorem_and_proof_correction"",""disposition"":""applied"",""upstream_report_disposition"":""not_submitted"",""evidence_artifact_id"":""artifact.o015.adverse-ledger""}"
o015-modular-backend-record,1.0.0,correction,correction.o015-hab-adv-0025,"{""schema"":""o015-modular-backend-record"",""schema_version"":""1.0.0"",""entity_type"":""correction"",""id"":""correction.o015-hab-adv-0025"",""recorded_at"":""2026-08-21T17:04:02Z"",""responsible_workflow"":""o015-first-unit-backend-v1"",""status"":""applied"",""source_event_id"":""O015-HAB-ADV-0025"",""source_edition_id"":""edition.habring.convex-optimization.arxiv-2607-11664v1"",""affected_unit_ids"":[""unit.habring.v1.ch04""],""affected_segment_ids"":[""d90.hab.v1.ch04.seg0007""],""source_path"":""authority/habring/source-v1/projected_subgradient_method.tex"",""source_line_start"":212,""source_line_end"":236,""source_locator"":""authority/habring/source-v1/projected_subgradient_method.tex:212-236"",""surface"":""General step-size convergence theorem"",""source_issue"":""The theorem environment ends before the n→∞ qualifier and conclusion, leaving the mathematical statement structurally broken and omitting positivity of the steps."",""target_action"":""Moved the qualifier and conclusion inside the theorem, required tau_k>0, and stated the explicit best-iterate bound proved by summing the fundamental inequality."",""correction_class"":""determined_theorem_structure_correction"",""disposition"":""applied"",""upstream_report_disposition"":""not_submitted"",""evidence_artifact_id"":""artifact.o015.adverse-ledger""}"
o015-modular-backend-record,1.0.0,correction,correction.o015-hab-adv-0026,"{""schema"":""o015-modular-backend-record"",""schema_version"":""1.0.0"",""entity_type"":""correction"",""id"":""correction.o015-hab-adv-0026"",""recorded_at"":""2026-08-21T17:04:02Z"",""responsible_workflow"":""o015-first-unit-backend-v1"",""status"":""applied"",""source_event_id"":""O015-HAB-ADV-0026"",""source_edition_id"":""edition.habring.convex-optimization.arxiv-2607-11664v1"",""affected_unit_ids"":[""unit.habring.v1.ch04""],""affected_segment_ids"":[""d90.hab.v1.ch04.seg0008""],""source_path"":""authority/habring/source-v1/projected_subgradient_method.tex"",""source_line_start"":244,""source_line_end"":290,""source_locator"":""authority/habring/source-v1/projected_subgradient_method.tex:244-290"",""surface"":""Strongly convex convergence theorem"",""source_issue"":""The schedule 2/(mu k) conflicts with the earlier k=0 indexing; the proof uses a false equality after an upper bound, drops a factor 2 in the value rate, mismatches x_n with x_{n+1}, and contains a stray quote in L^2."",""target_action"":""Started the schedule at k=1 with x1, restored the inequality and factor 2, proved the stated x_n distance bound by recurrence induction, and removed the stray quote."",""correction_class"":""determined_theorem_and_proof_correction"",""disposition"":""applied"",""upstream_report_disposition"":""not_submitted"",""evidence_artifact_id"":""artifact.o015.adverse-ledger""}"
o015-modular-backend-record,1.0.0,correction,correction.o015-hab-adv-0027,"{""schema"":""o015-modular-backend-record"",""schema_version"":""1.0.0"",""entity_type"":""correction"",""id"":""correction.o015-hab-adv-0027"",""recorded_at"":""2026-08-21T17:04:02Z"",""responsible_workflow"":""o015-first-unit-backend-v1"",""status"":""applied"",""source_event_id"":""O015-HAB-ADV-0027"",""source_edition_id"":""edition.habring.convex-optimization.arxiv-2607-11664v1"",""affected_unit_ids"":[""unit.habring.v1.ch04""],""affected_segment_ids"":[""d90.hab.v1.ch04.seg0003"",""d90.hab.v1.ch04.seg0008""],""source_path"":""authority/habring/source-v1/projected_subgradient_method.tex"",""source_line_start"":74,""source_line_end"":239,""source_locator"":""authority/habring/source-v1/projected_subgradient_method.tex:74,239"",""surface"":""Standalone dependency closure"",""source_issue"":""The chapter cross-references an external vector-space definition and cites Beck without supplying those surfaces in a standalone unit."",""target_action"":""Replaced the external cross-reference with the concept name and retained the Beck citation through the exact source bibliography."",""correction_class"":""standalone_reader_dependency_correction"",""disposition"":""applied"",""upstream_report_disposition"":""not_submitted"",""evidence_artifact_id"":""artifact.o015.adverse-ledger""}"
o015-modular-backend-record,1.0.0,relation,relation.edition.id-id-adapts-source,"{""schema"":""o015-modular-backend-record"",""schema_version"":""1.0.0"",""entity_type"":""relation"",""id"":""relation.edition.id-id-adapts-source"",""recorded_at"":""2026-08-21T10:54:38Z"",""responsible_workflow"":""o015-first-unit-backend-v1"",""status"":""current"",""relation_type"":""adapts"",""source_id"":""edition.habring.convex-optimization.id-id.v1"",""target_id"":""edition.habring.convex-optimization.arxiv-2607-11664v1"",""note"":""The id-ID working edition is a CC BY 4.0 derivative.""}"
o015-modular-backend-record,1.0.0,relation,relation.edition.id-id-translates-source,"{""schema"":""o015-modular-backend-record"",""schema_version"":""1.0.0"",""entity_type"":""relation"",""id"":""relation.edition.id-id-translates-source"",""recorded_at"":""2026-08-21T10:54:38Z"",""responsible_workflow"":""o015-first-unit-backend-v1"",""status"":""current"",""relation_type"":""translates"",""source_id"":""edition.habring.convex-optimization.id-id.v1"",""target_id"":""edition.habring.convex-optimization.arxiv-2607-11664v1"",""note"":""Language mapping en → id-ID.""}"
o015-modular-backend-record,1.0.0,relation,relation.exercise01-exercises-subdifferential-calculus,"{""schema"":""o015-modular-backend-record"",""schema_version"":""1.0.0"",""entity_type"":""relation"",""id"":""relation.exercise01-exercises-subdifferential-calculus"",""recorded_at"":""2026-08-21T10:54:38Z"",""responsible_workflow"":""o015-first-unit-backend-v1"",""status"":""current"",""relation_type"":""exercises"",""source_id"":""surface.habring.v1.ch03.exercise01"",""target_id"":""concept.subdifferential-calculus"",""note"":""Proof of the nonnegative scalar rule is left as an exercise.""}"
o015-modular-backend-record,1.0.0,relation,relation.segment.ch04-seg0001-illustrates-constrained-optimality,"{""schema"":""o015-modular-backend-record"",""schema_version"":""1.0.0"",""entity_type"":""relation"",""id"":""relation.segment.ch04-seg0001-illustrates-constrained-optimality"",""recorded_at"":""2026-08-21T17:04:02Z"",""responsible_workflow"":""o015-first-unit-backend-v1"",""status"":""current"",""relation_type"":""illustrates"",""source_id"":""d90.hab.v1.ch04.seg0001"",""target_id"":""concept.constrained-convex-optimality"",""note"":""Indicator reformulation motivates the projected method.""}"
o015-modular-backend-record,1.0.0,relation,relation.segment.ch04-seg0002-proves-metric-projection,"{""schema"":""o015-modular-backend-record"",""schema_version"":""1.0.0"",""entity_type"":""relation"",""id"":""relation.segment.ch04-seg0002-proves-metric-projection"",""recorded_at"":""2026-08-21T17:04:02Z"",""responsible_workflow"":""o015-first-unit-backend-v1"",""status"":""current"",""relation_type"":""proves"",""source_id"":""d90.hab.v1.ch04.seg0002"",""target_id"":""concept.metric-projection"",""note"":""Existence and uniqueness in a real Hilbert space.""}"
o015-modular-backend-record,1.0.0,relation,relation.segment.ch04-seg0003-defines-projected-method,"{""schema"":""o015-modular-backend-record"",""schema_version"":""1.0.0"",""entity_type"":""relation"",""id"":""relation.segment.ch04-seg0003-defines-projected-method"",""recorded_at"":""2026-08-21T17:04:02Z"",""responsible_workflow"":""o015-first-unit-backend-v1"",""status"":""current"",""relation_type"":""defines"",""source_id"":""d90.hab.v1.ch04.seg0003"",""target_id"":""concept.projected-subgradient-method"",""note"":""Projected subgradient iteration.""}"
o015-modular-backend-record,1.0.0,relation,relation.segment.ch04-seg0003-proves-projection-characterization,"{""schema"":""o015-modular-backend-record"",""schema_version"":""1.0.0"",""entity_type"":""relation"",""id"":""relation.segment.ch04-seg0003-proves-projection-characterization"",""recorded_at"":""2026-08-21T17:04:02Z"",""responsible_workflow"":""o015-first-unit-backend-v1"",""status"":""current"",""relation_type"":""proves"",""source_id"":""d90.hab.v1.ch04.seg0003"",""target_id"":""concept.metric-projection"",""note"":""Variational characterization of projection.""}"
o015-modular-backend-record,1.0.0,relation,relation.segment.ch04-seg0004-proves-nonexpansive,"{""schema"":""o015-modular-backend-record"",""schema_version"":""1.0.0"",""entity_type"":""relation"",""id"":""relation.segment.ch04-seg0004-proves-nonexpansive"",""recorded_at"":""2026-08-21T17:04:02Z"",""responsible_workflow"":""o015-first-unit-backend-v1"",""status"":""current"",""relation_type"":""proves"",""source_id"":""d90.hab.v1.ch04.seg0004"",""target_id"":""concept.nonexpansive-mapping"",""note"":""Metric projection is one-Lipschitz.""}"
o015-modular-backend-record,1.0.0,relation,relation.segment.ch04-seg0005-proves-fundamental,"{""schema"":""o015-modular-backend-record"",""schema_version"":""1.0.0"",""entity_type"":""relation"",""id"":""relation.segment.ch04-seg0005-proves-fundamental"",""recorded_at"":""2026-08-21T17:04:02Z"",""responsible_workflow"":""o015-first-unit-backend-v1"",""status"":""current"",""relation_type"":""proves"",""source_id"":""d90.hab.v1.ch04.seg0005"",""target_id"":""concept.fundamental-projected-subgradient-inequality"",""note"":""Core recursive estimate.""}"
o015-modular-backend-record,1.0.0,relation,relation.segment.ch04-seg0006-defines-polyak,"{""schema"":""o015-modular-backend-record"",""schema_version"":""1.0.0"",""entity_type"":""relation"",""id"":""relation.segment.ch04-seg0006-defines-polyak"",""recorded_at"":""2026-08-21T17:04:02Z"",""responsible_workflow"":""o015-first-unit-backend-v1"",""status"":""current"",""relation_type"":""defines"",""source_id"":""d90.hab.v1.ch04.seg0006"",""target_id"":""concept.polyak-step-size"",""note"":""Polyak rule with the zero-subgradient case.""}"
o015-modular-backend-record,1.0.0,relation,relation.segment.ch04-seg0006-proves-best-iterate,"{""schema"":""o015-modular-backend-record"",""schema_version"":""1.0.0"",""entity_type"":""relation"",""id"":""relation.segment.ch04-seg0006-proves-best-iterate"",""recorded_at"":""2026-08-21T17:04:02Z"",""responsible_workflow"":""o015-first-unit-backend-v1"",""status"":""current"",""relation_type"":""proves"",""source_id"":""d90.hab.v1.ch04.seg0006"",""target_id"":""concept.best-iterate-rate"",""note"":""Corrected inverse-square-root rate.""}"
o015-modular-backend-record,1.0.0,relation,relation.segment.ch04-seg0007-defines-diminishing,"{""schema"":""o015-modular-backend-record"",""schema_version"":""1.0.0"",""entity_type"":""relation"",""id"":""relation.segment.ch04-seg0007-defines-diminishing"",""recorded_at"":""2026-08-21T17:04:02Z"",""responsible_workflow"":""o015-first-unit-backend-v1"",""status"":""current"",""relation_type"":""defines"",""source_id"":""d90.hab.v1.ch04.seg0007"",""target_id"":""concept.diminishing-step-size"",""note"":""General positive-step convergence condition.""}"
o015-modular-backend-record,1.0.0,relation,relation.segment.ch04-seg0008-proves-strongly-convex-rate,"{""schema"":""o015-modular-backend-record"",""schema_version"":""1.0.0"",""entity_type"":""relation"",""id"":""relation.segment.ch04-seg0008-proves-strongly-convex-rate"",""recorded_at"":""2026-08-21T17:04:02Z"",""responsible_workflow"":""o015-first-unit-backend-v1"",""status"":""current"",""relation_type"":""proves"",""source_id"":""d90.hab.v1.ch04.seg0008"",""target_id"":""concept.best-iterate-rate"",""note"":""Corrected strongly convex value and iterate rates.""}"
o015-modular-backend-record,1.0.0,relation,relation.segment.seg0001-defines-frechet-derivative,"{""schema"":""o015-modular-backend-record"",""schema_version"":""1.0.0"",""entity_type"":""relation"",""id"":""relation.segment.seg0001-defines-frechet-derivative"",""recorded_at"":""2026-08-21T10:54:38Z"",""responsible_workflow"":""o015-first-unit-backend-v1"",""status"":""current"",""relation_type"":""defines"",""source_id"":""d90.hab.v1.ch03.seg0001"",""target_id"":""concept.frechet-derivative"",""note"":""Explicit concept surface.""}"
o015-modular-backend-record,1.0.0,relation,relation.segment.seg0001-defines-gradient,"{""schema"":""o015-modular-backend-record"",""schema_version"":""1.0.0"",""entity_type"":""relation"",""id"":""relation.segment.seg0001-defines-gradient"",""recorded_at"":""2026-08-21T10:54:38Z"",""responsible_workflow"":""o015-first-unit-backend-v1"",""status"":""current"",""relation_type"":""defines"",""source_id"":""d90.hab.v1.ch03.seg0001"",""target_id"":""concept.gradient"",""note"":""Explicit concept surface.""}"
o015-modular-backend-record,1.0.0,relation,relation.segment.seg0001-precedes-seg0002,"{""schema"":""o015-modular-backend-record"",""schema_version"":""1.0.0"",""entity_type"":""relation"",""id"":""relation.segment.seg0001-precedes-seg0002"",""recorded_at"":""2026-08-21T10:54:38Z"",""responsible_workflow"":""o015-first-unit-backend-v1"",""status"":""current"",""relation_type"":""precedes"",""source_id"":""d90.hab.v1.ch03.seg0001"",""target_id"":""d90.hab.v1.ch03.seg0002"",""note"":""Source order.""}"
o015-modular-backend-record,1.0.0,relation,relation.segment.seg0002-defines-convex-subdifferential,"{""schema"":""o015-modular-backend-record"",""schema_version"":""1.0.0"",""entity_type"":""relation"",""id"":""relation.segment.seg0002-defines-convex-subdifferential"",""recorded_at"":""2026-08-21T10:54:38Z"",""responsible_workflow"":""o015-first-unit-backend-v1"",""status"":""current"",""relation_type"":""defines"",""source_id"":""d90.hab.v1.ch03.seg0002"",""target_id"":""concept.convex-subdifferential"",""note"":""Explicit concept surface.""}"
o015-modular-backend-record,1.0.0,relation,relation.segment.seg0002-defines-subgradient,"{""schema"":""o015-modular-backend-record"",""schema_version"":""1.0.0"",""entity_type"":""relation"",""id"":""relation.segment.seg0002-defines-subgradient"",""recorded_at"":""2026-08-21T10:54:38Z"",""responsible_workflow"":""o015-first-unit-backend-v1"",""status"":""current"",""relation_type"":""defines"",""source_id"":""d90.hab.v1.ch03.seg0002"",""target_id"":""concept.subgradient"",""note"":""Explicit concept surface.""}"
o015-modular-backend-record,1.0.0,relation,relation.segment.seg0002-precedes-seg0003,"{""schema"":""o015-modular-backend-record"",""schema_version"":""1.0.0"",""entity_type"":""relation"",""id"":""relation.segment.seg0002-precedes-seg0003"",""recorded_at"":""2026-08-21T10:54:38Z"",""responsible_workflow"":""o015-first-unit-backend-v1"",""status"":""current"",""relation_type"":""precedes"",""source_id"":""d90.hab.v1.ch03.seg0002"",""target_id"":""d90.hab.v1.ch03.seg0003"",""note"":""Source order.""}"
o015-modular-backend-record,1.0.0,relation,relation.segment.seg0003-defines-normal-cone,"{""schema"":""o015-modular-backend-record"",""schema_version"":""1.0.0"",""entity_type"":""relation"",""id"":""relation.segment.seg0003-defines-normal-cone"",""recorded_at"":""2026-08-21T10:54:38Z"",""responsible_workflow"":""o015-first-unit-backend-v1"",""status"":""current"",""relation_type"":""defines"",""source_id"":""d90.hab.v1.ch03.seg0003"",""target_id"":""concept.normal-cone"",""note"":""Explicit concept surface.""}"
o015-modular-backend-record,1.0.0,relation,relation.segment.seg0003-illustrates-dual-norm,"{""schema"":""o015-modular-backend-record"",""schema_version"":""1.0.0"",""entity_type"":""relation"",""id"":""relation.segment.seg0003-illustrates-dual-norm"",""recorded_at"":""2026-08-21T10:54:38Z"",""responsible_workflow"":""o015-first-unit-backend-v1"",""status"":""current"",""relation_type"":""illustrates"",""source_id"":""d90.hab.v1.ch03.seg0003"",""target_id"":""concept.dual-norm"",""note"":""Explicit concept surface.""}"
o015-modular-backend-record,1.0.0,relation,relation.segment.seg0003-precedes-seg0004,"{""schema"":""o015-modular-backend-record"",""schema_version"":""1.0.0"",""entity_type"":""relation"",""id"":""relation.segment.seg0003-precedes-seg0004"",""recorded_at"":""2026-08-21T10:54:38Z"",""responsible_workflow"":""o015-first-unit-backend-v1"",""status"":""current"",""relation_type"":""precedes"",""source_id"":""d90.hab.v1.ch03.seg0003"",""target_id"":""d90.hab.v1.ch03.seg0004"",""note"":""Source order.""}"
o015-modular-backend-record,1.0.0,relation,relation.segment.seg0004-precedes-seg0005,"{""schema"":""o015-modular-backend-record"",""schema_version"":""1.0.0"",""entity_type"":""relation"",""id"":""relation.segment.seg0004-precedes-seg0005"",""recorded_at"":""2026-08-21T10:54:38Z"",""responsible_workflow"":""o015-first-unit-backend-v1"",""status"":""current"",""relation_type"":""precedes"",""source_id"":""d90.hab.v1.ch03.seg0004"",""target_id"":""d90.hab.v1.ch03.seg0005"",""note"":""Source order.""}"
o015-modular-backend-record,1.0.0,relation,relation.segment.seg0004-proves-convex-subdifferential,"{""schema"":""o015-modular-backend-record"",""schema_version"":""1.0.0"",""entity_type"":""relation"",""id"":""relation.segment.seg0004-proves-convex-subdifferential"",""recorded_at"":""2026-08-21T10:54:38Z"",""responsible_workflow"":""o015-first-unit-backend-v1"",""status"":""current"",""relation_type"":""proves"",""source_id"":""d90.hab.v1.ch03.seg0004"",""target_id"":""concept.convex-subdifferential"",""note"":""Explicit concept surface.""}"
o015-modular-backend-record,1.0.0,relation,relation.segment.seg0005-precedes-seg0006,"{""schema"":""o015-modular-backend-record"",""schema_version"":""1.0.0"",""entity_type"":""relation"",""id"":""relation.segment.seg0005-precedes-seg0006"",""recorded_at"":""2026-08-21T10:54:38Z"",""responsible_workflow"":""o015-first-unit-backend-v1"",""status"":""current"",""relation_type"":""precedes"",""source_id"":""d90.hab.v1.ch03.seg0005"",""target_id"":""d90.hab.v1.ch03.seg0006"",""note"":""Source order.""}"
o015-modular-backend-record,1.0.0,relation,relation.segment.seg0006-precedes-seg0007,"{""schema"":""o015-modular-backend-record"",""schema_version"":""1.0.0"",""entity_type"":""relation"",""id"":""relation.segment.seg0006-precedes-seg0007"",""recorded_at"":""2026-08-21T10:54:38Z"",""responsible_workflow"":""o015-first-unit-backend-v1"",""status"":""current"",""relation_type"":""precedes"",""source_id"":""d90.hab.v1.ch03.seg0006"",""target_id"":""d90.hab.v1.ch03.seg0007"",""note"":""Source order.""}"
o015-modular-backend-record,1.0.0,relation,relation.segment.seg0007-precedes-seg0008,"{""schema"":""o015-modular-backend-record"",""schema_version"":""1.0.0"",""entity_type"":""relation"",""id"":""relation.segment.seg0007-precedes-seg0008"",""recorded_at"":""2026-08-21T10:54:38Z"",""responsible_workflow"":""o015-first-unit-backend-v1"",""status"":""current"",""relation_type"":""precedes"",""source_id"":""d90.hab.v1.ch03.seg0007"",""target_id"":""d90.hab.v1.ch03.seg0008"",""note"":""Source order.""}"
o015-modular-backend-record,1.0.0,relation,relation.segment.seg0007-proves-supporting-hyperplane,"{""schema"":""o015-modular-backend-record"",""schema_version"":""1.0.0"",""entity_type"":""relation"",""id"":""relation.segment.seg0007-proves-supporting-hyperplane"",""recorded_at"":""2026-08-21T10:54:38Z"",""responsible_workflow"":""o015-first-unit-backend-v1"",""status"":""current"",""relation_type"":""proves"",""source_id"":""d90.hab.v1.ch03.seg0007"",""target_id"":""concept.supporting-hyperplane"",""note"":""Explicit concept surface.""}"
o015-modular-backend-record,1.0.0,relation,relation.segment.seg0008-precedes-seg0009,"{""schema"":""o015-modular-backend-record"",""schema_version"":""1.0.0"",""entity_type"":""relation"",""id"":""relation.segment.seg0008-precedes-seg0009"",""recorded_at"":""2026-08-21T10:54:38Z"",""responsible_workflow"":""o015-first-unit-backend-v1"",""status"":""current"",""relation_type"":""precedes"",""source_id"":""d90.hab.v1.ch03.seg0008"",""target_id"":""d90.hab.v1.ch03.seg0009"",""note"":""Source order.""}"
o015-modular-backend-record,1.0.0,relation,relation.segment.seg0008-proves-convex-subdifferential,"{""schema"":""o015-modular-backend-record"",""schema_version"":""1.0.0"",""entity_type"":""relation"",""id"":""relation.segment.seg0008-proves-convex-subdifferential"",""recorded_at"":""2026-08-21T10:54:38Z"",""responsible_workflow"":""o015-first-unit-backend-v1"",""status"":""current"",""relation_type"":""proves"",""source_id"":""d90.hab.v1.ch03.seg0008"",""target_id"":""concept.convex-subdifferential"",""note"":""Explicit concept surface.""}"
o015-modular-backend-record,1.0.0,relation,relation.segment.seg0009-defines-subdifferential-calculus,"{""schema"":""o015-modular-backend-record"",""schema_version"":""1.0.0"",""entity_type"":""relation"",""id"":""relation.segment.seg0009-defines-subdifferential-calculus"",""recorded_at"":""2026-08-21T10:54:38Z"",""responsible_workflow"":""o015-first-unit-backend-v1"",""status"":""current"",""relation_type"":""defines"",""source_id"":""d90.hab.v1.ch03.seg0009"",""target_id"":""concept.subdifferential-calculus"",""note"":""Explicit concept surface.""}"
o015-modular-backend-record,1.0.0,relation,relation.segment.seg0009-precedes-seg0010,"{""schema"":""o015-modular-backend-record"",""schema_version"":""1.0.0"",""entity_type"":""relation"",""id"":""relation.segment.seg0009-precedes-seg0010"",""recorded_at"":""2026-08-21T10:54:38Z"",""responsible_workflow"":""o015-first-unit-backend-v1"",""status"":""current"",""relation_type"":""precedes"",""source_id"":""d90.hab.v1.ch03.seg0009"",""target_id"":""d90.hab.v1.ch03.seg0010"",""note"":""Source order.""}"
o015-modular-backend-record,1.0.0,relation,relation.segment.seg0010-defines-subdifferential-calculus,"{""schema"":""o015-modular-backend-record"",""schema_version"":""1.0.0"",""entity_type"":""relation"",""id"":""relation.segment.seg0010-defines-subdifferential-calculus"",""recorded_at"":""2026-08-21T10:54:38Z"",""responsible_workflow"":""o015-first-unit-backend-v1"",""status"":""current"",""relation_type"":""defines"",""source_id"":""d90.hab.v1.ch03.seg0010"",""target_id"":""concept.subdifferential-calculus"",""note"":""Explicit concept surface.""}"
o015-modular-backend-record,1.0.0,relation,relation.segment.seg0010-precedes-seg0011,"{""schema"":""o015-modular-backend-record"",""schema_version"":""1.0.0"",""entity_type"":""relation"",""id"":""relation.segment.seg0010-precedes-seg0011"",""recorded_at"":""2026-08-21T10:54:38Z"",""responsible_workflow"":""o015-first-unit-backend-v1"",""status"":""current"",""relation_type"":""precedes"",""source_id"":""d90.hab.v1.ch03.seg0010"",""target_id"":""d90.hab.v1.ch03.seg0011"",""note"":""Source order.""}"
o015-modular-backend-record,1.0.0,relation,relation.segment.seg0011-proves-constrained-convex-optimality,"{""schema"":""o015-modular-backend-record"",""schema_version"":""1.0.0"",""entity_type"":""relation"",""id"":""relation.segment.seg0011-proves-constrained-convex-optimality"",""recorded_at"":""2026-08-21T10:54:38Z"",""responsible_workflow"":""o015-first-unit-backend-v1"",""status"":""current"",""relation_type"":""proves"",""source_id"":""d90.hab.v1.ch03.seg0011"",""target_id"":""concept.constrained-convex-optimality"",""note"":""Explicit concept surface.""}"
o015-modular-backend-record,1.0.0,relation,relation.segment.seg0011-proves-fermat-optimality,"{""schema"":""o015-modular-backend-record"",""schema_version"":""1.0.0"",""entity_type"":""relation"",""id"":""relation.segment.seg0011-proves-fermat-optimality"",""recorded_at"":""2026-08-21T10:54:38Z"",""responsible_workflow"":""o015-first-unit-backend-v1"",""status"":""current"",""relation_type"":""proves"",""source_id"":""d90.hab.v1.ch03.seg0011"",""target_id"":""concept.fermat-optimality"",""note"":""Explicit concept surface.""}"
o015-modular-backend-record,1.0.0,relation,relation.surface.ch04-exercise01-exercises-projection,"{""schema"":""o015-modular-backend-record"",""schema_version"":""1.0.0"",""entity_type"":""relation"",""id"":""relation.surface.ch04-exercise01-exercises-projection"",""recorded_at"":""2026-08-21T17:04:02Z"",""responsible_workflow"":""o015-first-unit-backend-v1"",""status"":""current"",""relation_type"":""exercises"",""source_id"":""surface.habring.v1.ch04.exercise01"",""target_id"":""concept.metric-projection"",""note"":""Subspace equality case.""}"
o015-modular-backend-record,1.0.0,relation,relation.surface.ch04-exercise02-exercises-subgradient-bound,"{""schema"":""o015-modular-backend-record"",""schema_version"":""1.0.0"",""entity_type"":""relation"",""id"":""relation.surface.ch04-exercise02-exercises-subgradient-bound"",""recorded_at"":""2026-08-21T17:04:02Z"",""responsible_workflow"":""o015-first-unit-backend-v1"",""status"":""current"",""relation_type"":""exercises"",""source_id"":""surface.habring.v1.ch04.exercise02"",""target_id"":""concept.subgradient-norm-bound"",""note"":""Global Lipschitz sufficient condition.""}"
o015-modular-backend-record,1.0.0,relation,relation.unit.ch03-contains-seg0001,"{""schema"":""o015-modular-backend-record"",""schema_version"":""1.0.0"",""entity_type"":""relation"",""id"":""relation.unit.ch03-contains-seg0001"",""recorded_at"":""2026-08-21T10:54:38Z"",""responsible_workflow"":""o015-first-unit-backend-v1"",""status"":""current"",""relation_type"":""contains"",""source_id"":""unit.habring.v1.ch03"",""target_id"":""d90.hab.v1.ch03.seg0001"",""note"":""Ordered reader-facing translation segment.""}"
o015-modular-backend-record,1.0.0,relation,relation.unit.ch03-contains-seg0002,"{""schema"":""o015-modular-backend-record"",""schema_version"":""1.0.0"",""entity_type"":""relation"",""id"":""relation.unit.ch03-contains-seg0002"",""recorded_at"":""2026-08-21T10:54:38Z"",""responsible_workflow"":""o015-first-unit-backend-v1"",""status"":""current"",""relation_type"":""contains"",""source_id"":""unit.habring.v1.ch03"",""target_id"":""d90.hab.v1.ch03.seg0002"",""note"":""Ordered reader-facing translation segment.""}"
o015-modular-backend-record,1.0.0,relation,relation.unit.ch03-contains-seg0003,"{""schema"":""o015-modular-backend-record"",""schema_version"":""1.0.0"",""entity_type"":""relation"",""id"":""relation.unit.ch03-contains-seg0003"",""recorded_at"":""2026-08-21T10:54:38Z"",""responsible_workflow"":""o015-first-unit-backend-v1"",""status"":""current"",""relation_type"":""contains"",""source_id"":""unit.habring.v1.ch03"",""target_id"":""d90.hab.v1.ch03.seg0003"",""note"":""Ordered reader-facing translation segment.""}"
o015-modular-backend-record,1.0.0,relation,relation.unit.ch03-contains-seg0004,"{""schema"":""o015-modular-backend-record"",""schema_version"":""1.0.0"",""entity_type"":""relation"",""id"":""relation.unit.ch03-contains-seg0004"",""recorded_at"":""2026-08-21T10:54:38Z"",""responsible_workflow"":""o015-first-unit-backend-v1"",""status"":""current"",""relation_type"":""contains"",""source_id"":""unit.habring.v1.ch03"",""target_id"":""d90.hab.v1.ch03.seg0004"",""note"":""Ordered reader-facing translation segment.""}"
o015-modular-backend-record,1.0.0,relation,relation.unit.ch03-contains-seg0005,"{""schema"":""o015-modular-backend-record"",""schema_version"":""1.0.0"",""entity_type"":""relation"",""id"":""relation.unit.ch03-contains-seg0005"",""recorded_at"":""2026-08-21T10:54:38Z"",""responsible_workflow"":""o015-first-unit-backend-v1"",""status"":""current"",""relation_type"":""contains"",""source_id"":""unit.habring.v1.ch03"",""target_id"":""d90.hab.v1.ch03.seg0005"",""note"":""Ordered reader-facing translation segment.""}"
o015-modular-backend-record,1.0.0,relation,relation.unit.ch03-contains-seg0006,"{""schema"":""o015-modular-backend-record"",""schema_version"":""1.0.0"",""entity_type"":""relation"",""id"":""relation.unit.ch03-contains-seg0006"",""recorded_at"":""2026-08-21T10:54:38Z"",""responsible_workflow"":""o015-first-unit-backend-v1"",""status"":""current"",""relation_type"":""contains"",""source_id"":""unit.habring.v1.ch03"",""target_id"":""d90.hab.v1.ch03.seg0006"",""note"":""Ordered reader-facing translation segment.""}"
o015-modular-backend-record,1.0.0,relation,relation.unit.ch03-contains-seg0007,"{""schema"":""o015-modular-backend-record"",""schema_version"":""1.0.0"",""entity_type"":""relation"",""id"":""relation.unit.ch03-contains-seg0007"",""recorded_at"":""2026-08-21T10:54:38Z"",""responsible_workflow"":""o015-first-unit-backend-v1"",""status"":""current"",""relation_type"":""contains"",""source_id"":""unit.habring.v1.ch03"",""target_id"":""d90.hab.v1.ch03.seg0007"",""note"":""Ordered reader-facing translation segment.""}"
o015-modular-backend-record,1.0.0,relation,relation.unit.ch03-contains-seg0008,"{""schema"":""o015-modular-backend-record"",""schema_version"":""1.0.0"",""entity_type"":""relation"",""id"":""relation.unit.ch03-contains-seg0008"",""recorded_at"":""2026-08-21T10:54:38Z"",""responsible_workflow"":""o015-first-unit-backend-v1"",""status"":""current"",""relation_type"":""contains"",""source_id"":""unit.habring.v1.ch03"",""target_id"":""d90.hab.v1.ch03.seg0008"",""note"":""Ordered reader-facing translation segment.""}"
o015-modular-backend-record,1.0.0,relation,relation.unit.ch03-contains-seg0009,"{""schema"":""o015-modular-backend-record"",""schema_version"":""1.0.0"",""entity_type"":""relation"",""id"":""relation.unit.ch03-contains-seg0009"",""recorded_at"":""2026-08-21T10:54:38Z"",""responsible_workflow"":""o015-first-unit-backend-v1"",""status"":""current"",""relation_type"":""contains"",""source_id"":""unit.habring.v1.ch03"",""target_id"":""d90.hab.v1.ch03.seg0009"",""note"":""Ordered reader-facing translation segment.""}"
o015-modular-backend-record,1.0.0,relation,relation.unit.ch03-contains-seg0010,"{""schema"":""o015-modular-backend-record"",""schema_version"":""1.0.0"",""entity_type"":""relation"",""id"":""relation.unit.ch03-contains-seg0010"",""recorded_at"":""2026-08-21T10:54:38Z"",""responsible_workflow"":""o015-first-unit-backend-v1"",""status"":""current"",""relation_type"":""contains"",""source_id"":""unit.habring.v1.ch03"",""target_id"":""d90.hab.v1.ch03.seg0010"",""note"":""Ordered reader-facing translation segment.""}"
o015-modular-backend-record,1.0.0,relation,relation.unit.ch03-contains-seg0011,"{""schema"":""o015-modular-backend-record"",""schema_version"":""1.0.0"",""entity_type"":""relation"",""id"":""relation.unit.ch03-contains-seg0011"",""recorded_at"":""2026-08-21T10:54:38Z"",""responsible_workflow"":""o015-first-unit-backend-v1"",""status"":""current"",""relation_type"":""contains"",""source_id"":""unit.habring.v1.ch03"",""target_id"":""d90.hab.v1.ch03.seg0011"",""note"":""Ordered reader-facing translation segment.""}"
o015-modular-backend-record,1.0.0,relation,relation.unit.ch03-precedes-ch04,"{""schema"":""o015-modular-backend-record"",""schema_version"":""1.0.0"",""entity_type"":""relation"",""id"":""relation.unit.ch03-precedes-ch04"",""recorded_at"":""2026-08-21T17:04:02Z"",""responsible_workflow"":""o015-first-unit-backend-v1"",""status"":""current"",""relation_type"":""precedes"",""source_id"":""unit.habring.v1.ch03"",""target_id"":""unit.habring.v1.ch04"",""note"":""Contiguous source order.""}"
o015-modular-backend-record,1.0.0,relation,relation.unit.ch03-prerequisite-convex-function,"{""schema"":""o015-modular-backend-record"",""schema_version"":""1.0.0"",""entity_type"":""relation"",""id"":""relation.unit.ch03-prerequisite-convex-function"",""recorded_at"":""2026-08-21T10:54:38Z"",""responsible_workflow"":""o015-first-unit-backend-v1"",""status"":""current"",""relation_type"":""prerequisite"",""source_id"":""unit.habring.v1.ch03"",""target_id"":""concept.convex-function"",""note"":""Declared standalone-reader prerequisite.""}"
o015-modular-backend-record,1.0.0,relation,relation.unit.ch03-prerequisite-epigraph,"{""schema"":""o015-modular-backend-record"",""schema_version"":""1.0.0"",""entity_type"":""relation"",""id"":""relation.unit.ch03-prerequisite-epigraph"",""recorded_at"":""2026-08-21T10:54:38Z"",""responsible_workflow"":""o015-first-unit-backend-v1"",""status"":""current"",""relation_type"":""prerequisite"",""source_id"":""unit.habring.v1.ch03"",""target_id"":""concept.epigraph"",""note"":""Declared standalone-reader prerequisite.""}"
o015-modular-backend-record,1.0.0,relation,relation.unit.ch03-prerequisite-frechet-derivative,"{""schema"":""o015-modular-backend-record"",""schema_version"":""1.0.0"",""entity_type"":""relation"",""id"":""relation.unit.ch03-prerequisite-frechet-derivative"",""recorded_at"":""2026-08-21T10:54:38Z"",""responsible_workflow"":""o015-first-unit-backend-v1"",""status"":""current"",""relation_type"":""prerequisite"",""source_id"":""unit.habring.v1.ch03"",""target_id"":""concept.frechet-derivative"",""note"":""Declared standalone-reader prerequisite.""}"
o015-modular-backend-record,1.0.0,relation,relation.unit.ch03-prerequisite-hilbert-space,"{""schema"":""o015-modular-backend-record"",""schema_version"":""1.0.0"",""entity_type"":""relation"",""id"":""relation.unit.ch03-prerequisite-hilbert-space"",""recorded_at"":""2026-08-21T10:54:38Z"",""responsible_workflow"":""o015-first-unit-backend-v1"",""status"":""current"",""relation_type"":""prerequisite"",""source_id"":""unit.habring.v1.ch03"",""target_id"":""concept.hilbert-space"",""note"":""Declared standalone-reader prerequisite.""}"
o015-modular-backend-record,1.0.0,relation,relation.unit.ch04-contains-seg0001,"{""schema"":""o015-modular-backend-record"",""schema_version"":""1.0.0"",""entity_type"":""relation"",""id"":""relation.unit.ch04-contains-seg0001"",""recorded_at"":""2026-08-21T17:04:02Z"",""responsible_workflow"":""o015-first-unit-backend-v1"",""status"":""current"",""relation_type"":""contains"",""source_id"":""unit.habring.v1.ch04"",""target_id"":""d90.hab.v1.ch04.seg0001"",""note"":""Ordered reader-facing translation segment.""}"
o015-modular-backend-record,1.0.0,relation,relation.unit.ch04-contains-seg0002,"{""schema"":""o015-modular-backend-record"",""schema_version"":""1.0.0"",""entity_type"":""relation"",""id"":""relation.unit.ch04-contains-seg0002"",""recorded_at"":""2026-08-21T17:04:02Z"",""responsible_workflow"":""o015-first-unit-backend-v1"",""status"":""current"",""relation_type"":""contains"",""source_id"":""unit.habring.v1.ch04"",""target_id"":""d90.hab.v1.ch04.seg0002"",""note"":""Ordered reader-facing translation segment.""}"
o015-modular-backend-record,1.0.0,relation,relation.unit.ch04-contains-seg0003,"{""schema"":""o015-modular-backend-record"",""schema_version"":""1.0.0"",""entity_type"":""relation"",""id"":""relation.unit.ch04-contains-seg0003"",""recorded_at"":""2026-08-21T17:04:02Z"",""responsible_workflow"":""o015-first-unit-backend-v1"",""status"":""current"",""relation_type"":""contains"",""source_id"":""unit.habring.v1.ch04"",""target_id"":""d90.hab.v1.ch04.seg0003"",""note"":""Ordered reader-facing translation segment.""}"
o015-modular-backend-record,1.0.0,relation,relation.unit.ch04-contains-seg0004,"{""schema"":""o015-modular-backend-record"",""schema_version"":""1.0.0"",""entity_type"":""relation"",""id"":""relation.unit.ch04-contains-seg0004"",""recorded_at"":""2026-08-21T17:04:02Z"",""responsible_workflow"":""o015-first-unit-backend-v1"",""status"":""current"",""relation_type"":""contains"",""source_id"":""unit.habring.v1.ch04"",""target_id"":""d90.hab.v1.ch04.seg0004"",""note"":""Ordered reader-facing translation segment.""}"
o015-modular-backend-record,1.0.0,relation,relation.unit.ch04-contains-seg0005,"{""schema"":""o015-modular-backend-record"",""schema_version"":""1.0.0"",""entity_type"":""relation"",""id"":""relation.unit.ch04-contains-seg0005"",""recorded_at"":""2026-08-21T17:04:02Z"",""responsible_workflow"":""o015-first-unit-backend-v1"",""status"":""current"",""relation_type"":""contains"",""source_id"":""unit.habring.v1.ch04"",""target_id"":""d90.hab.v1.ch04.seg0005"",""note"":""Ordered reader-facing translation segment.""}"
o015-modular-backend-record,1.0.0,relation,relation.unit.ch04-contains-seg0006,"{""schema"":""o015-modular-backend-record"",""schema_version"":""1.0.0"",""entity_type"":""relation"",""id"":""relation.unit.ch04-contains-seg0006"",""recorded_at"":""2026-08-21T17:04:02Z"",""responsible_workflow"":""o015-first-unit-backend-v1"",""status"":""current"",""relation_type"":""contains"",""source_id"":""unit.habring.v1.ch04"",""target_id"":""d90.hab.v1.ch04.seg0006"",""note"":""Ordered reader-facing translation segment.""}"
o015-modular-backend-record,1.0.0,relation,relation.unit.ch04-contains-seg0007,"{""schema"":""o015-modular-backend-record"",""schema_version"":""1.0.0"",""entity_type"":""relation"",""id"":""relation.unit.ch04-contains-seg0007"",""recorded_at"":""2026-08-21T17:04:02Z"",""responsible_workflow"":""o015-first-unit-backend-v1"",""status"":""current"",""relation_type"":""contains"",""source_id"":""unit.habring.v1.ch04"",""target_id"":""d90.hab.v1.ch04.seg0007"",""note"":""Ordered reader-facing translation segment.""}"
o015-modular-backend-record,1.0.0,relation,relation.unit.ch04-contains-seg0008,"{""schema"":""o015-modular-backend-record"",""schema_version"":""1.0.0"",""entity_type"":""relation"",""id"":""relation.unit.ch04-contains-seg0008"",""recorded_at"":""2026-08-21T17:04:02Z"",""responsible_workflow"":""o015-first-unit-backend-v1"",""status"":""current"",""relation_type"":""contains"",""source_id"":""unit.habring.v1.ch04"",""target_id"":""d90.hab.v1.ch04.seg0008"",""note"":""Ordered reader-facing translation segment.""}"
o015-modular-backend-record,1.0.0,relation,relation.unit.ch04-depends-on-ch03,"{""schema"":""o015-modular-backend-record"",""schema_version"":""1.0.0"",""entity_type"":""relation"",""id"":""relation.unit.ch04-depends-on-ch03"",""recorded_at"":""2026-08-21T17:04:02Z"",""responsible_workflow"":""o015-first-unit-backend-v1"",""status"":""current"",""relation_type"":""depends-on"",""source_id"":""unit.habring.v1.ch04"",""target_id"":""unit.habring.v1.ch03"",""note"":""Projected subgradient descent uses Chapter 3 subgradients.""}"
o015-modular-backend-record,1.0.0,relation,relation.unit.ch04-prerequisite-hilbert-space,"{""schema"":""o015-modular-backend-record"",""schema_version"":""1.0.0"",""entity_type"":""relation"",""id"":""relation.unit.ch04-prerequisite-hilbert-space"",""recorded_at"":""2026-08-21T17:04:02Z"",""responsible_workflow"":""o015-first-unit-backend-v1"",""status"":""current"",""relation_type"":""prerequisite"",""source_id"":""unit.habring.v1.ch04"",""target_id"":""concept.hilbert-space"",""note"":""Projection theorem ambient-space prerequisite.""}"
o015-modular-backend-record,1.0.0,relation,relation.unit.ch04-prerequisite-subdifferential,"{""schema"":""o015-modular-backend-record"",""schema_version"":""1.0.0"",""entity_type"":""relation"",""id"":""relation.unit.ch04-prerequisite-subdifferential"",""recorded_at"":""2026-08-21T17:04:02Z"",""responsible_workflow"":""o015-first-unit-backend-v1"",""status"":""current"",""relation_type"":""prerequisite"",""source_id"":""unit.habring.v1.ch04"",""target_id"":""concept.convex-subdifferential"",""note"":""Algorithmic subgradient prerequisite.""}"
o015-modular-backend-record,1.0.0,relation,relation.unit.root-contains-ch03,"{""schema"":""o015-modular-backend-record"",""schema_version"":""1.0.0"",""entity_type"":""relation"",""id"":""relation.unit.root-contains-ch03"",""recorded_at"":""2026-08-21T10:54:38Z"",""responsible_workflow"":""o015-first-unit-backend-v1"",""status"":""current"",""relation_type"":""contains"",""source_id"":""unit.habring.v1"",""target_id"":""unit.habring.v1.ch03"",""note"":""Source Chapter 3.""}"
o015-modular-backend-record,1.0.0,relation,relation.unit.root-contains-ch04,"{""schema"":""o015-modular-backend-record"",""schema_version"":""1.0.0"",""entity_type"":""relation"",""id"":""relation.unit.root-contains-ch04"",""recorded_at"":""2026-08-21T17:04:02Z"",""responsible_workflow"":""o015-first-unit-backend-v1"",""status"":""current"",""relation_type"":""contains"",""source_id"":""unit.habring.v1"",""target_id"":""unit.habring.v1.ch04"",""note"":""Source Chapter 4.""}"
o015-modular-backend-record,1.0.0,qa_event,qa.o015.ch03.accessibility,"{""schema"":""o015-modular-backend-record"",""schema_version"":""1.0.0"",""entity_type"":""qa_event"",""id"":""qa.o015.ch03.accessibility"",""recorded_at"":""2026-08-21T10:54:38Z"",""responsible_workflow"":""o015-first-unit-backend-v1"",""status"":""pass"",""event_type"":""accessibility"",""result"":""pass"",""unit_id"":""unit.habring.v1.ch03"",""witness_artifact_ids"":[""artifact.habring.target-ch03""],""checks"":[""Two source figures have an Indonesian text description in the target source.""],""limitations"":[""PDF is untagged.""]}"
o015-modular-backend-record,1.0.0,qa_event,qa.o015.ch03.build,"{""schema"":""o015-modular-backend-record"",""schema_version"":""1.0.0"",""entity_type"":""qa_event"",""id"":""qa.o015.ch03.build"",""recorded_at"":""2026-08-21T10:54:38Z"",""responsible_workflow"":""o015-first-unit-backend-v1"",""status"":""pass"",""event_type"":""build"",""result"":""pass"",""unit_id"":""unit.habring.v1.ch03"",""witness_artifact_ids"":[""artifact.habring.target-pdf"",""artifact.habring.build-log"",""artifact.habring.pass4-console""],""toolchain"":""pdfTeX 1.40.29 / MiKTeX 26.5"",""pages"":15,""warnings"":[""biblatex Indonesian language not supported"",""glossaries/tracklang Indonesian modules unavailable""],""errors"":[]}"
o015-modular-backend-record,1.0.0,qa_event,qa.o015.ch03.formula-delta,"{""schema"":""o015-modular-backend-record"",""schema_version"":""1.0.0"",""entity_type"":""qa_event"",""id"":""qa.o015.ch03.formula-delta"",""recorded_at"":""2026-08-21T10:54:38Z"",""responsible_workflow"":""o015-first-unit-backend-v1"",""status"":""pass"",""event_type"":""mathematics"",""result"":""pass"",""unit_id"":""unit.habring.v1.ch03"",""witness_artifact_ids"":[""artifact.habring.structure-report""],""formula_delta_manifest_sha256"":""c979be4ecb19687c87ef590feda4d5ba8f083a945a0e0cda98236d8d7581b681"",""source_formula_surfaces"":230,""target_formula_surfaces"":252,""disposition"":""All non-editorial deltas are correction-ledger bound.""}"
o015-modular-backend-record,1.0.0,qa_event,qa.o015.ch03.language,"{""schema"":""o015-modular-backend-record"",""schema_version"":""1.0.0"",""entity_type"":""qa_event"",""id"":""qa.o015.ch03.language"",""recorded_at"":""2026-08-21T10:54:38Z"",""responsible_workflow"":""o015-first-unit-backend-v1"",""status"":""not_recorded"",""event_type"":""language"",""result"":""not_recorded"",""unit_id"":""unit.habring.v1.ch03"",""witness_artifact_ids"":[],""gap"":""No independent Indonesian language review is recorded.""}"
o015-modular-backend-record,1.0.0,qa_event,qa.o015.ch03.math-rereview,"{""schema"":""o015-modular-backend-record"",""schema_version"":""1.0.0"",""entity_type"":""qa_event"",""id"":""qa.o015.ch03.math-rereview"",""recorded_at"":""2026-08-21T10:54:38Z"",""responsible_workflow"":""o015-first-unit-backend-v1"",""status"":""pass"",""event_type"":""mathematics"",""result"":""pass"",""unit_id"":""unit.habring.v1.ch03"",""witness_artifact_ids"":[""artifact.habring.structure-report"",""artifact.habring.solver-results""],""verified_at"":""2026-08-21T17:04:02Z"",""review_outcome"":{""p1"":0,""p2"":0,""p3"":0},""scope"":""Independent final mathematical rereview of the complete translated unit.""}"
o015-modular-backend-record,1.0.0,qa_event,qa.o015.ch03.solver,"{""schema"":""o015-modular-backend-record"",""schema_version"":""1.0.0"",""entity_type"":""qa_event"",""id"":""qa.o015.ch03.solver"",""recorded_at"":""2026-08-21T10:54:38Z"",""responsible_workflow"":""o015-first-unit-backend-v1"",""status"":""pass"",""event_type"":""computation"",""result"":""pass"",""unit_id"":""unit.habring.v1.ch03"",""witness_artifact_ids"":[""artifact.habring.solver-results""],""checks"":[""absolute-value epigraph solved by scipy.optimize.linprog(method='highs')"",""L1 composite optimality checked with scipy.optimize.minimize(method='SLSQP')""],""python"":""3.13.9"",""numpy"":""2.4.4"",""scipy"":""1.17.1""}"
o015-modular-backend-record,1.0.0,qa_event,qa.o015.ch03.source-freeze,"{""schema"":""o015-modular-backend-record"",""schema_version"":""1.0.0"",""entity_type"":""qa_event"",""id"":""qa.o015.ch03.source-freeze"",""recorded_at"":""2026-08-21T10:54:38Z"",""responsible_workflow"":""o015-first-unit-backend-v1"",""status"":""pass"",""event_type"":""source"",""result"":""pass"",""unit_id"":""unit.habring.v1.ch03"",""witness_artifact_ids"":[""artifact.o015.source-authority"",""artifact.habring.source-ch03""],""authority_id"":""o015-habring-arxiv-2607.11664v1"",""source_sha256"":""c3b447ee9ea5d8dbf98333b927ad5b7408d1d66884c3b7d5590251dfc47c5405""}"
o015-modular-backend-record,1.0.0,qa_event,qa.o015.ch03.structure,"{""schema"":""o015-modular-backend-record"",""schema_version"":""1.0.0"",""entity_type"":""qa_event"",""id"":""qa.o015.ch03.structure"",""recorded_at"":""2026-08-21T10:54:38Z"",""responsible_workflow"":""o015-first-unit-backend-v1"",""status"":""pass"",""event_type"":""topology"",""result"":""pass"",""unit_id"":""unit.habring.v1.ch03"",""witness_artifact_ids"":[""artifact.habring.structure-report""],""environment_topology_equal"":true,""environment_count"":61,""failures"":[],""segment_count"":11}"
o015-modular-backend-record,1.0.0,qa_event,qa.o015.ch03.visual,"{""schema"":""o015-modular-backend-record"",""schema_version"":""1.0.0"",""entity_type"":""qa_event"",""id"":""qa.o015.ch03.visual"",""recorded_at"":""2026-08-21T10:54:38Z"",""responsible_workflow"":""o015-first-unit-backend-v1"",""status"":""pass"",""event_type"":""visual"",""result"":""pass"",""unit_id"":""unit.habring.v1.ch03"",""witness_artifact_ids"":[""artifact.habring.target-pdf""],""verified_at"":""2026-08-21T17:04:02Z"",""pages_inspected"":15,""method"":""Page-by-page rendered visual review."",""findings"":[]}"
o015-modular-backend-record,1.0.0,qa_event,qa.o015.ch04.accessibility,"{""schema"":""o015-modular-backend-record"",""schema_version"":""1.0.0"",""entity_type"":""qa_event"",""id"":""qa.o015.ch04.accessibility"",""recorded_at"":""2026-08-21T17:04:02Z"",""responsible_workflow"":""o015-first-unit-backend-v1"",""status"":""pass_with_limitation"",""unit_id"":""unit.habring.v1.ch04"",""event_type"":""accessibility"",""result"":""pass_with_limitation"",""witness_artifact_ids"":[""artifact.habring.target-pdf-ch04"",""artifact.habring.target-text-ch04""],""checks"":[""PDF language metadata is id-ID."",""Text extraction produced 13,866 characters."",""No figures require alternative text in this chapter.""],""limitations"":[""PDF is untagged.""]}"
o015-modular-backend-record,1.0.0,qa_event,qa.o015.ch04.build,"{""schema"":""o015-modular-backend-record"",""schema_version"":""1.0.0"",""entity_type"":""qa_event"",""id"":""qa.o015.ch04.build"",""recorded_at"":""2026-08-21T17:04:02Z"",""responsible_workflow"":""o015-first-unit-backend-v1"",""status"":""pass"",""unit_id"":""unit.habring.v1.ch04"",""event_type"":""build"",""result"":""pass"",""witness_artifact_ids"":[""artifact.habring.target-pdf-ch04"",""artifact.habring.build-log-ch04""],""toolchain"":""pdfTeX 1.40.29 / MiKTeX 26.5 / Biber"",""pages"":13,""warnings"":[""biblatex Indonesian language module unavailable"",""glossaries/tracklang Indonesian module unavailable""],""errors"":[]}"
o015-modular-backend-record,1.0.0,qa_event,qa.o015.ch04.formula-delta,"{""schema"":""o015-modular-backend-record"",""schema_version"":""1.0.0"",""entity_type"":""qa_event"",""id"":""qa.o015.ch04.formula-delta"",""recorded_at"":""2026-08-21T17:04:02Z"",""responsible_workflow"":""o015-first-unit-backend-v1"",""status"":""pass"",""unit_id"":""unit.habring.v1.ch04"",""event_type"":""mathematics"",""result"":""pass"",""witness_artifact_ids"":[""artifact.habring.structure-report-ch04""],""formula_delta_manifest_sha256"":""d0453330d42781afffe1e1b7ad3d5a663533509f43a754f9958785b9646171b4"",""source_formula_surfaces"":140,""target_formula_surfaces"":169,""formula_delta_blocks"":40,""disposition"":""All substantive mathematical deltas are correction-ledger bound.""}"
o015-modular-backend-record,1.0.0,qa_event,qa.o015.ch04.language,"{""schema"":""o015-modular-backend-record"",""schema_version"":""1.0.0"",""entity_type"":""qa_event"",""id"":""qa.o015.ch04.language"",""recorded_at"":""2026-08-21T17:04:02Z"",""responsible_workflow"":""o015-first-unit-backend-v1"",""status"":""not_recorded"",""unit_id"":""unit.habring.v1.ch04"",""event_type"":""language"",""result"":""not_recorded"",""witness_artifact_ids"":[],""gap"":""No independent Indonesian language review is recorded.""}"
o015-modular-backend-record,1.0.0,qa_event,qa.o015.ch04.math-rereview,"{""schema"":""o015-modular-backend-record"",""schema_version"":""1.0.0"",""entity_type"":""qa_event"",""id"":""qa.o015.ch04.math-rereview"",""recorded_at"":""2026-08-21T17:04:02Z"",""responsible_workflow"":""o015-first-unit-backend-v1"",""status"":""pass"",""unit_id"":""unit.habring.v1.ch04"",""event_type"":""mathematics"",""result"":""pass"",""witness_artifact_ids"":[""artifact.habring.target-ch04"",""artifact.habring.structure-report-ch04"",""artifact.habring.solver-results-ch04""],""verified_at"":""2026-08-21T17:04:02Z"",""target_sha256"":""29fdc330007009bd765a17ca1dcd0cf130ff802312ebb402bf03413da5f96a7d"",""review_outcome"":{""p1"":0,""p2"":0,""p3"":0},""scope"":""Independent final mathematical rereview of the complete translated Chapter 4 unit.""}"
o015-modular-backend-record,1.0.0,qa_event,qa.o015.ch04.solver,"{""schema"":""o015-modular-backend-record"",""schema_version"":""1.0.0"",""entity_type"":""qa_event"",""id"":""qa.o015.ch04.solver"",""recorded_at"":""2026-08-21T17:04:02Z"",""responsible_workflow"":""o015-first-unit-backend-v1"",""status"":""pass"",""unit_id"":""unit.habring.v1.ch04"",""event_type"":""computation"",""result"":""pass"",""witness_artifact_ids"":[""artifact.habring.solver-results-ch04"",""artifact.habring.solver-validator-ch04""],""checks"":[""512 projection variational-inequality and nonexpansiveness tests"",""Polyak and general step schedules on a constrained nonsmooth objective"",""strongly convex epigraph problem solved with scipy.optimize.minimize(method='SLSQP')""],""python"":""3.13.9"",""numpy"":""2.4.4"",""scipy"":""1.17.1""}"
o015-modular-backend-record,1.0.0,qa_event,qa.o015.ch04.source-freeze,"{""schema"":""o015-modular-backend-record"",""schema_version"":""1.0.0"",""entity_type"":""qa_event"",""id"":""qa.o015.ch04.source-freeze"",""recorded_at"":""2026-08-21T17:04:02Z"",""responsible_workflow"":""o015-first-unit-backend-v1"",""status"":""pass"",""unit_id"":""unit.habring.v1.ch04"",""event_type"":""source"",""result"":""pass"",""witness_artifact_ids"":[""artifact.habring.source-ch04""],""authority_id"":""o015-habring-arxiv-2607.11664v1"",""source_sha256"":""44ac28a0f0b67fed4855f7ed91089fab52f77804115f2a06201bff98437bd8da""}"
o015-modular-backend-record,1.0.0,qa_event,qa.o015.ch04.structure,"{""schema"":""o015-modular-backend-record"",""schema_version"":""1.0.0"",""entity_type"":""qa_event"",""id"":""qa.o015.ch04.structure"",""recorded_at"":""2026-08-21T17:04:02Z"",""responsible_workflow"":""o015-first-unit-backend-v1"",""status"":""pass"",""unit_id"":""unit.habring.v1.ch04"",""event_type"":""topology"",""result"":""pass"",""witness_artifact_ids"":[""artifact.habring.structure-report-ch04""],""environment_topology_equal"":true,""environment_count"":67,""failures"":[],""segment_count"":8,""labels_preserved"":4,""footnotes_preserved"":3,""citations_preserved"":1}"
o015-modular-backend-record,1.0.0,qa_event,qa.o015.ch04.visual,"{""schema"":""o015-modular-backend-record"",""schema_version"":""1.0.0"",""entity_type"":""qa_event"",""id"":""qa.o015.ch04.visual"",""recorded_at"":""2026-08-21T17:04:02Z"",""responsible_workflow"":""o015-first-unit-backend-v1"",""status"":""pass"",""unit_id"":""unit.habring.v1.ch04"",""event_type"":""visual"",""result"":""pass"",""witness_artifact_ids"":[""artifact.habring.target-pdf-ch04""],""pages_inspected"":13,""method"":""All pages rendered at 120 dpi and inspected; pages 4, 8, and 11 also inspected at full size."",""findings"":[]}"
o015-modular-backend-record,1.0.0,artifact,artifact.habring.authority-pdf,"{""schema"":""o015-modular-backend-record"",""schema_version"":""1.0.0"",""entity_type"":""artifact"",""id"":""artifact.habring.authority-pdf"",""recorded_at"":""2026-08-21T10:54:38Z"",""responsible_workflow"":""o015-first-unit-backend-v1"",""status"":""current"",""artifact_kind"":""authority_source"",""path"":""authority/habring/2607.11664v1.pdf"",""bytes"":836977,""sha256"":""d2914c741214312d02dc160c5b294eb65a8ac13e484dd9e33aa7ae151f97331d"",""hash_algorithm"":""sha256-raw-bytes"",""pages"":84,""source_edition_id"":""edition.habring.convex-optimization.arxiv-2607-11664v1"",""rights_id"":""rights.o015-habring-text""}"
o015-modular-backend-record,1.0.0,artifact,artifact.habring.authority-source-tar,"{""schema"":""o015-modular-backend-record"",""schema_version"":""1.0.0"",""entity_type"":""artifact"",""id"":""artifact.habring.authority-source-tar"",""recorded_at"":""2026-08-21T10:54:38Z"",""responsible_workflow"":""o015-first-unit-backend-v1"",""status"":""current"",""artifact_kind"":""authority_source"",""path"":""authority/habring/2607.11664v1-source.tar"",""bytes"":230116,""sha256"":""d9a22d09d0245bd7bfe4d162dab6ea4bb77552c6cec9e41820db7861b45b6748"",""hash_algorithm"":""sha256-raw-bytes"",""source_edition_id"":""edition.habring.convex-optimization.arxiv-2607-11664v1"",""rights_id"":""rights.o015-habring-text""}"
o015-modular-backend-record,1.0.0,artifact,artifact.habring.build-log,"{""schema"":""o015-modular-backend-record"",""schema_version"":""1.0.0"",""entity_type"":""artifact"",""id"":""artifact.habring.build-log"",""recorded_at"":""2026-08-21T10:54:38Z"",""responsible_workflow"":""o015-first-unit-backend-v1"",""status"":""current"",""artifact_kind"":""build_receipt"",""path"":""build/habring-unit-03-id/D90-HAB-03-subgradien-id.log"",""bytes"":101648,""sha256"":""217291b4c0d275977674b03a5e1dc05bc293503c7583e9ef41a1a2cbca80a6ad"",""hash_algorithm"":""sha256-raw-bytes"",""build_event_id"":""qa.o015.ch03.build"",""toolchain"":""pdfTeX 1.40.29 / MiKTeX 26.5""}"
o015-modular-backend-record,1.0.0,artifact,artifact.habring.build-log-ch04,"{""schema"":""o015-modular-backend-record"",""schema_version"":""1.0.0"",""entity_type"":""artifact"",""id"":""artifact.habring.build-log-ch04"",""recorded_at"":""2026-08-21T17:04:02Z"",""responsible_workflow"":""o015-first-unit-backend-v1"",""status"":""current"",""artifact_kind"":""build_receipt"",""path"":""build/habring-unit-04-id/D90-HAB-04-metode-subgradien-terproyeksi-id.log"",""bytes"":101402,""sha256"":""1e389bcb5d005b5b65772e7383766cfe3317293cd7da48491ea65ce38e3db87d"",""hash_algorithm"":""sha256-raw-bytes"",""build_event_id"":""qa.o015.ch04.build"",""toolchain"":""pdfTeX 1.40.29 / MiKTeX 26.5 / Biber""}"
o015-modular-backend-record,1.0.0,artifact,artifact.habring.pass4-console,"{""schema"":""o015-modular-backend-record"",""schema_version"":""1.0.0"",""entity_type"":""artifact"",""id"":""artifact.habring.pass4-console"",""recorded_at"":""2026-08-21T10:54:38Z"",""responsible_workflow"":""o015-first-unit-backend-v1"",""status"":""current"",""artifact_kind"":""build_receipt"",""path"":""build/habring-unit-03-id/pass4.console.txt"",""bytes"":31768,""sha256"":""5541f9bf3d859faba80b6f11de652614c3cad750928b4fbac9871c1cf80fa209"",""hash_algorithm"":""sha256-raw-bytes"",""build_event_id"":""qa.o015.ch03.build"",""toolchain"":""pdfTeX 1.40.29 / MiKTeX 26.5""}"
o015-modular-backend-record,1.0.0,artifact,artifact.habring.references-bib,"{""schema"":""o015-modular-backend-record"",""schema_version"":""1.0.0"",""entity_type"":""artifact"",""id"":""artifact.habring.references-bib"",""recorded_at"":""2026-08-21T17:04:02Z"",""responsible_workflow"":""o015-first-unit-backend-v1"",""status"":""current"",""artifact_kind"":""build_dependency"",""path"":""authority/habring/source-v1/references.bib"",""bytes"":614,""sha256"":""e334d49a9df665d3cb5902f8874a24e44be601f26fafb07fa21406690e473f20"",""hash_algorithm"":""sha256-raw-bytes"",""source_edition_id"":""edition.habring.convex-optimization.arxiv-2607-11664v1"",""rights_id"":""rights.o015-habring-ch04-source""}"
o015-modular-backend-record,1.0.0,artifact,artifact.habring.solver-results,"{""schema"":""o015-modular-backend-record"",""schema_version"":""1.0.0"",""entity_type"":""artifact"",""id"":""artifact.habring.solver-results"",""recorded_at"":""2026-08-21T10:54:38Z"",""responsible_workflow"":""o015-first-unit-backend-v1"",""status"":""current"",""artifact_kind"":""qa_report"",""path"":""qa/SUBGRADIENT_SOLVER_RESULTS.json"",""bytes"":980,""sha256"":""65dde2a94aeb55e71667146509f4b5302e947d2e79af2da8339dd6049974cc52"",""hash_algorithm"":""sha256-raw-bytes"",""toolchain"":""Python 3.13.9 / NumPy 2.4.4 / SciPy 1.17.1"",""rights_id"":""rights.o015-solver-validation""}"
o015-modular-backend-record,1.0.0,artifact,artifact.habring.solver-results-ch04,"{""schema"":""o015-modular-backend-record"",""schema_version"":""1.0.0"",""entity_type"":""artifact"",""id"":""artifact.habring.solver-results-ch04"",""recorded_at"":""2026-08-21T17:04:02Z"",""responsible_workflow"":""o015-first-unit-backend-v1"",""status"":""current"",""artifact_kind"":""qa_report"",""path"":""qa/PROJECTED_SUBGRADIENT_SOLVER_RESULTS.json"",""bytes"":1773,""sha256"":""67719078430b0e3fbfabca3dbfac3d08fed6594659c5d0b2ae69cfd2a1cbb04a"",""hash_algorithm"":""sha256-raw-bytes"",""toolchain"":""Python 3.13.9 / NumPy 2.4.4 / SciPy 1.17.1"",""rights_id"":""rights.o015-projected-subgradient-solver-validation""}"
o015-modular-backend-record,1.0.0,artifact,artifact.habring.solver-validator-ch04,"{""schema"":""o015-modular-backend-record"",""schema_version"":""1.0.0"",""entity_type"":""artifact"",""id"":""artifact.habring.solver-validator-ch04"",""recorded_at"":""2026-08-21T17:04:02Z"",""responsible_workflow"":""o015-first-unit-backend-v1"",""status"":""current"",""artifact_kind"":""qa_source"",""path"":""qa/validate_projected_subgradient_unit.py"",""bytes"":9607,""sha256"":""9ca04b0051a4cade2359f33e1e4babc21936eabb58f1606cfd3f4d8e71f13625"",""hash_algorithm"":""sha256-raw-bytes"",""toolchain"":""Python 3.13.9 / NumPy 2.4.4 / SciPy 1.17.1"",""rights_id"":""rights.o015-projected-subgradient-solver-validation""}"
o015-modular-backend-record,1.0.0,artifact,artifact.habring.source-ch03,"{""schema"":""o015-modular-backend-record"",""schema_version"":""1.0.0"",""entity_type"":""artifact"",""id"":""artifact.habring.source-ch03"",""recorded_at"":""2026-08-21T10:54:38Z"",""responsible_workflow"":""o015-first-unit-backend-v1"",""status"":""current"",""artifact_kind"":""source_tex"",""path"":""authority/habring/source-v1/subgradient.tex"",""bytes"":16939,""sha256"":""c3b447ee9ea5d8dbf98333b927ad5b7408d1d66884c3b7d5590251dfc47c5405"",""hash_algorithm"":""sha256-raw-bytes"",""source_edition_id"":""edition.habring.convex-optimization.arxiv-2607-11664v1"",""rights_id"":""rights.o015-habring-text""}"
o015-modular-backend-record,1.0.0,artifact,artifact.habring.source-ch04,"{""schema"":""o015-modular-backend-record"",""schema_version"":""1.0.0"",""entity_type"":""artifact"",""id"":""artifact.habring.source-ch04"",""recorded_at"":""2026-08-21T17:04:02Z"",""responsible_workflow"":""o015-first-unit-backend-v1"",""status"":""current"",""artifact_kind"":""source_tex"",""path"":""authority/habring/source-v1/projected_subgradient_method.tex"",""bytes"":14391,""sha256"":""44ac28a0f0b67fed4855f7ed91089fab52f77804115f2a06201bff98437bd8da"",""hash_algorithm"":""sha256-raw-bytes"",""source_edition_id"":""edition.habring.convex-optimization.arxiv-2607-11664v1"",""rights_id"":""rights.o015-habring-ch04-source""}"
o015-modular-backend-record,1.0.0,artifact,artifact.habring.structure-audit-ch04,"{""schema"":""o015-modular-backend-record"",""schema_version"":""1.0.0"",""entity_type"":""artifact"",""id"":""artifact.habring.structure-audit-ch04"",""recorded_at"":""2026-08-21T17:04:02Z"",""responsible_workflow"":""o015-first-unit-backend-v1"",""status"":""current"",""artifact_kind"":""qa_source"",""path"":""qa/audit_projected_subgradient_unit.py"",""bytes"":7267,""sha256"":""8d29124ce14228b7497cd177033ad72878efcef621d747de665c45012785aa88"",""hash_algorithm"":""sha256-raw-bytes"",""toolchain"":""Python 3 standard library""}"
o015-modular-backend-record,1.0.0,artifact,artifact.habring.structure-report,"{""schema"":""o015-modular-backend-record"",""schema_version"":""1.0.0"",""entity_type"":""artifact"",""id"":""artifact.habring.structure-report"",""recorded_at"":""2026-08-21T10:54:38Z"",""responsible_workflow"":""o015-first-unit-backend-v1"",""status"":""current"",""artifact_kind"":""qa_report"",""path"":""qa/SUBGRADIENT_STRUCTURE_REPORT.json"",""bytes"":19898,""sha256"":""ab3b1dfc7e858c1dc8c17619b982c3098340dc3069e0616097c12af78ab528c3"",""hash_algorithm"":""sha256-raw-bytes"",""toolchain"":""qa/audit_subgradient_unit.py"",""formula_delta_manifest_sha256"":""c979be4ecb19687c87ef590feda4d5ba8f083a945a0e0cda98236d8d7581b681""}"
o015-modular-backend-record,1.0.0,artifact,artifact.habring.structure-report-ch04,"{""schema"":""o015-modular-backend-record"",""schema_version"":""1.0.0"",""entity_type"":""artifact"",""id"":""artifact.habring.structure-report-ch04"",""recorded_at"":""2026-08-21T17:04:02Z"",""responsible_workflow"":""o015-first-unit-backend-v1"",""status"":""current"",""artifact_kind"":""qa_report"",""path"":""qa/PROJECTED_SUBGRADIENT_STRUCTURE_REPORT.json"",""bytes"":20992,""sha256"":""53ce677f04385bdb4b1c5c38f09d1b8bb2098e65a3fde7e8d25a71b82aed4a15"",""hash_algorithm"":""sha256-raw-bytes"",""toolchain"":""qa/audit_projected_subgradient_unit.py"",""formula_delta_manifest_sha256"":""d0453330d42781afffe1e1b7ad3d5a663533509f43a754f9958785b9646171b4""}"
o015-modular-backend-record,1.0.0,artifact,artifact.habring.target-ch03,"{""schema"":""o015-modular-backend-record"",""schema_version"":""1.0.0"",""entity_type"":""artifact"",""id"":""artifact.habring.target-ch03"",""recorded_at"":""2026-08-21T10:54:38Z"",""responsible_workflow"":""o015-first-unit-backend-v1"",""status"":""current"",""artifact_kind"":""target_tex"",""path"":""source/id-ID/habring-03-subgradien-id.tex"",""bytes"":19266,""sha256"":""d04ff82898c157f56924c6c08fd204bcd97625f060847fd8a0b6f7a2b90b0a5c"",""hash_algorithm"":""sha256-raw-bytes"",""target_edition_id"":""edition.habring.convex-optimization.id-id.v1"",""rights_id"":""rights.o015-habring-id-unit""}"
o015-modular-backend-record,1.0.0,artifact,artifact.habring.target-ch04,"{""schema"":""o015-modular-backend-record"",""schema_version"":""1.0.0"",""entity_type"":""artifact"",""id"":""artifact.habring.target-ch04"",""recorded_at"":""2026-08-21T17:04:02Z"",""responsible_workflow"":""o015-first-unit-backend-v1"",""status"":""current"",""artifact_kind"":""target_tex"",""path"":""source/id-ID/habring-04-metode-subgradien-terproyeksi-id.tex"",""bytes"":16612,""sha256"":""29fdc330007009bd765a17ca1dcd0cf130ff802312ebb402bf03413da5f96a7d"",""hash_algorithm"":""sha256-raw-bytes"",""target_edition_id"":""edition.habring.convex-optimization.id-id.v1"",""rights_id"":""rights.o015-habring-id-ch04""}"
o015-modular-backend-record,1.0.0,artifact,artifact.habring.target-class,"{""schema"":""o015-modular-backend-record"",""schema_version"":""1.0.0"",""entity_type"":""artifact"",""id"":""artifact.habring.target-class"",""recorded_at"":""2026-08-21T10:54:38Z"",""responsible_workflow"":""o015-first-unit-backend-v1"",""status"":""current"",""artifact_kind"":""build_dependency"",""path"":""source/id-ID/shinybook.cls"",""bytes"":10133,""sha256"":""83514a06b2884dcaa02575bb3409d2f8cc9cf2fc6e6aef344b442d424850f2c0"",""hash_algorithm"":""sha256-raw-bytes"",""target_edition_id"":""edition.habring.convex-optimization.id-id.v1"",""rights_id"":""rights.o015-habring-class""}"
o015-modular-backend-record,1.0.0,artifact,artifact.habring.target-macros,"{""schema"":""o015-modular-backend-record"",""schema_version"":""1.0.0"",""entity_type"":""artifact"",""id"":""artifact.habring.target-macros"",""recorded_at"":""2026-08-21T10:54:38Z"",""responsible_workflow"":""o015-first-unit-backend-v1"",""status"":""current"",""artifact_kind"":""build_dependency"",""path"":""source/id-ID/macros-id.tex"",""bytes"":4465,""sha256"":""135642edfaffb7ec15e02e330dde76e694abe957da5f1a401c8563f9d885c1c2"",""hash_algorithm"":""sha256-raw-bytes"",""target_edition_id"":""edition.habring.convex-optimization.id-id.v1"",""rights_id"":""rights.o015-habring-macros""}"
o015-modular-backend-record,1.0.0,artifact,artifact.habring.target-pdf,"{""schema"":""o015-modular-backend-record"",""schema_version"":""1.0.0"",""entity_type"":""artifact"",""id"":""artifact.habring.target-pdf"",""recorded_at"":""2026-08-21T10:54:38Z"",""responsible_workflow"":""o015-first-unit-backend-v1"",""status"":""current"",""artifact_kind"":""reader_pdf"",""path"":""build/habring-unit-03-id/D90-HAB-03-subgradien-id.pdf"",""bytes"":516084,""sha256"":""45f7bc24ff46079881e42be9aa6f1b508c324a208f2b4dd82e35e7e3a6d544b4"",""hash_algorithm"":""sha256-raw-bytes"",""target_edition_id"":""edition.habring.convex-optimization.id-id.v1"",""rights_id"":""rights.o015-habring-id-unit"",""pages"":15,""build_event_id"":""qa.o015.ch03.build"",""toolchain"":""pdfTeX 1.40.29 / MiKTeX 26.5"",""input_artifact_ids"":[""artifact.habring.target-wrapper"",""artifact.habring.target-ch03"",""artifact.habring.target-macros"",""artifact.habring.target-class"",""asset.habring.v1.gradient-figure"",""asset.habring.v1.subgradient-figure""],""build_command_gap"":""Exact shell invocation is not preserved; four pass console receipts and the final log are present.""}"
o015-modular-backend-record,1.0.0,artifact,artifact.habring.target-pdf-ch04,"{""schema"":""o015-modular-backend-record"",""schema_version"":""1.0.0"",""entity_type"":""artifact"",""id"":""artifact.habring.target-pdf-ch04"",""recorded_at"":""2026-08-21T17:04:02Z"",""responsible_workflow"":""o015-first-unit-backend-v1"",""status"":""current"",""artifact_kind"":""reader_pdf"",""path"":""build/habring-unit-04-id/D90-HAB-04-metode-subgradien-terproyeksi-id.pdf"",""bytes"":370824,""sha256"":""5c9991af837995b2e24f4a9060eb3b0efe7b2d71a9bbde01948eeb81ebfd63b7"",""hash_algorithm"":""sha256-raw-bytes"",""target_edition_id"":""edition.habring.convex-optimization.id-id.v1"",""rights_id"":""rights.o015-habring-id-ch04"",""pages"":13,""build_event_id"":""qa.o015.ch04.build"",""toolchain"":""pdfTeX 1.40.29 / MiKTeX 26.5 / Biber"",""input_artifact_ids"":[""artifact.habring.target-wrapper-ch04"",""artifact.habring.target-ch04"",""artifact.habring.target-macros"",""artifact.habring.target-class"",""artifact.habring.references-bib""]}"
o015-modular-backend-record,1.0.0,artifact,artifact.habring.target-text,"{""schema"":""o015-modular-backend-record"",""schema_version"":""1.0.0"",""entity_type"":""artifact"",""id"":""artifact.habring.target-text"",""recorded_at"":""2026-08-21T10:54:38Z"",""responsible_workflow"":""o015-first-unit-backend-v1"",""status"":""current"",""artifact_kind"":""qa_extract"",""path"":""qa/D90-HAB-03-subgradien-id.txt"",""bytes"":25751,""sha256"":""531760f570f311256d5b141bd5f28e5495469d9bdf0f2f0c70ce5260a400d2eb"",""hash_algorithm"":""sha256-raw-bytes"",""target_edition_id"":""edition.habring.convex-optimization.id-id.v1"",""source_artifact_id"":""artifact.habring.target-pdf""}"
o015-modular-backend-record,1.0.0,artifact,artifact.habring.target-text-ch04,"{""schema"":""o015-modular-backend-record"",""schema_version"":""1.0.0"",""entity_type"":""artifact"",""id"":""artifact.habring.target-text-ch04"",""recorded_at"":""2026-08-21T17:04:02Z"",""responsible_workflow"":""o015-first-unit-backend-v1"",""status"":""current"",""artifact_kind"":""qa_extract"",""path"":""qa/D90-HAB-04-metode-subgradien-terproyeksi-id.txt"",""bytes"":27027,""sha256"":""1b835413d44817328ca9945962963ae4bdeadec0d5fa3eba0dfb88b5005253e7"",""hash_algorithm"":""sha256-raw-bytes"",""target_edition_id"":""edition.habring.convex-optimization.id-id.v1"",""source_artifact_id"":""artifact.habring.target-pdf-ch04""}"
o015-modular-backend-record,1.0.0,artifact,artifact.habring.target-wrapper,"{""schema"":""o015-modular-backend-record"",""schema_version"":""1.0.0"",""entity_type"":""artifact"",""id"":""artifact.habring.target-wrapper"",""recorded_at"":""2026-08-21T10:54:38Z"",""responsible_workflow"":""o015-first-unit-backend-v1"",""status"":""current"",""artifact_kind"":""target_tex"",""path"":""source/id-ID/D90-HAB-03-subgradien-id.tex"",""bytes"":3940,""sha256"":""48fe2efc3fa2b724963e40942906061c5d7dc54c92ae4280641e951d55b4d669"",""hash_algorithm"":""sha256-raw-bytes"",""target_edition_id"":""edition.habring.convex-optimization.id-id.v1"",""rights_id"":""rights.o015-habring-id-unit""}"
o015-modular-backend-record,1.0.0,artifact,artifact.habring.target-wrapper-ch04,"{""schema"":""o015-modular-backend-record"",""schema_version"":""1.0.0"",""entity_type"":""artifact"",""id"":""artifact.habring.target-wrapper-ch04"",""recorded_at"":""2026-08-21T17:04:02Z"",""responsible_workflow"":""o015-first-unit-backend-v1"",""status"":""current"",""artifact_kind"":""target_tex"",""path"":""source/id-ID/D90-HAB-04-metode-subgradien-terproyeksi-id.tex"",""bytes"":4297,""sha256"":""4efde33cf820393e001153370cdf52f96bd8b22d24582ca17063cc87e492d249"",""hash_algorithm"":""sha256-raw-bytes"",""target_edition_id"":""edition.habring.convex-optimization.id-id.v1"",""rights_id"":""rights.o015-habring-id-ch04""}"
o015-modular-backend-record,1.0.0,artifact,artifact.o015.adverse-ledger,"{""schema"":""o015-modular-backend-record"",""schema_version"":""1.0.0"",""entity_type"":""artifact"",""id"":""artifact.o015.adverse-ledger"",""recorded_at"":""2026-08-21T10:54:38Z"",""responsible_workflow"":""o015-first-unit-backend-v1"",""status"":""current"",""artifact_kind"":""control_evidence"",""path"":""00_control/ADVERSE_LEDGER.jsonl"",""bytes"":14642,""sha256"":""507fdb9e174582f1c5b8ab2c79060c6c30535b1709b5dbb6a80f48ee38670418"",""hash_algorithm"":""sha256-raw-bytes"",""toolchain"":""not applicable""}"
o015-modular-backend-record,1.0.0,artifact,artifact.o015.backend-schema,"{""schema"":""o015-modular-backend-record"",""schema_version"":""1.0.0"",""entity_type"":""artifact"",""id"":""artifact.o015.backend-schema"",""recorded_at"":""2026-08-21T10:54:38Z"",""responsible_workflow"":""o015-first-unit-backend-v1"",""status"":""current"",""artifact_kind"":""backend_schema"",""path"":""backend/backend_schema.json"",""bytes"":3092,""sha256"":""1166cbffe6016044430fe003e4981b1a3a537be7c115f0b646168a1936ab5ad0"",""hash_algorithm"":""sha256-raw-bytes"",""toolchain"":""JSON Schema 2020-12 envelope""}"
o015-modular-backend-record,1.0.0,artifact,artifact.o015.backend-validator,"{""schema"":""o015-modular-backend-record"",""schema_version"":""1.0.0"",""entity_type"":""artifact"",""id"":""artifact.o015.backend-validator"",""recorded_at"":""2026-08-21T10:54:38Z"",""responsible_workflow"":""o015-first-unit-backend-v1"",""status"":""current"",""artifact_kind"":""backend_validator"",""path"":""qa/validate_backend.py"",""bytes"":13109,""sha256"":""f478756c1b046b52bc0abf8168070b2c4ab3caac97fb390cbb214b92d3243ffa"",""hash_algorithm"":""sha256-raw-bytes"",""toolchain"":""Python 3 standard library""}"
o015-modular-backend-record,1.0.0,artifact,artifact.o015.component-rights,"{""schema"":""o015-modular-backend-record"",""schema_version"":""1.0.0"",""entity_type"":""artifact"",""id"":""artifact.o015.component-rights"",""recorded_at"":""2026-08-21T10:54:38Z"",""responsible_workflow"":""o015-first-unit-backend-v1"",""status"":""current"",""artifact_kind"":""control_evidence"",""path"":""00_control/COMPONENT_RIGHTS.csv"",""bytes"":5354,""sha256"":""c33d4e11760c6ed649e922360deb24d9847afd9ceb8a19aa590b4d6279181222"",""hash_algorithm"":""sha256-raw-bytes"",""toolchain"":""not applicable""}"
o015-modular-backend-record,1.0.0,artifact,artifact.o015.coverage-overlap,"{""schema"":""o015-modular-backend-record"",""schema_version"":""1.0.0"",""entity_type"":""artifact"",""id"":""artifact.o015.coverage-overlap"",""recorded_at"":""2026-08-21T10:54:38Z"",""responsible_workflow"":""o015-first-unit-backend-v1"",""status"":""current"",""artifact_kind"":""control_evidence"",""path"":""00_control/COVERAGE_OVERLAP.md"",""bytes"":3880,""sha256"":""4e688a18220dd2fab2250aeb4412205d06f02fb27c5aff70924f56ffa56ea16d"",""hash_algorithm"":""sha256-raw-bytes"",""toolchain"":""not applicable""}"
o015-modular-backend-record,1.0.0,artifact,artifact.o015.source-authority,"{""schema"":""o015-modular-backend-record"",""schema_version"":""1.0.0"",""entity_type"":""artifact"",""id"":""artifact.o015.source-authority"",""recorded_at"":""2026-08-21T10:54:38Z"",""responsible_workflow"":""o015-first-unit-backend-v1"",""status"":""current"",""artifact_kind"":""control_evidence"",""path"":""00_control/SOURCE_AUTHORITY.json"",""bytes"":6832,""sha256"":""6a1e00cf4f5088c183ae2f3424743218e12d91c17511551250d17aed9dd6fa13"",""hash_algorithm"":""sha256-raw-bytes"",""toolchain"":""not applicable""}"
