This is pdfTeX, Version 3.141592653-2.6-1.40.29 (MiKTeX 26.5) (preloaded format=pdflatex 2026.5.17)  21 AUG 2026 11:51
entering extended mode
 restricted \write18 enabled.
 %&-line parsing enabled.
**./Convopt_notes.tex
(Convopt_notes.tex
LaTeX2e <2025-11-01>
L3 programming layer <2026-03-20>
(shinybook.cls
Document Class: shinybook 2018/03/29 v0.6 Shiny lecture notes

(C:\Users\Floris\AppData\Local\Programs\MiKTeX\tex/latex/koma-script\scrbook.cl
s
Document Class: scrbook 2026/02/02 v3.49.2 KOMA-Script document class (book)

(C:\Users\Floris\AppData\Local\Programs\MiKTeX\tex/latex/koma-script\scrkbase.s
ty
Package: scrkbase 2026/02/02 v3.49.2 KOMA-Script package (KOMA-Script-dependent
 basics and keyval usage)

(C:\Users\Floris\AppData\Local\Programs\MiKTeX\tex/latex/koma-script\scrbase.st
y
Package: scrbase 2026/02/02 v3.49.2 KOMA-Script package (KOMA-Script-independen
t basics and keyval usage)

(C:\Users\Floris\AppData\Local\Programs\MiKTeX\tex/latex/koma-script\scrlfile.s
ty
Package: scrlfile 2026/02/02 v3.49.2 KOMA-Script package (file load hooks)

(C:\Users\Floris\AppData\Local\Programs\MiKTeX\tex/latex/koma-script\scrlfile-h
ook.sty
Package: scrlfile-hook 2026/02/02 v3.49.2 KOMA-Script package (using LaTeX hook
s)

(C:\Users\Floris\AppData\Local\Programs\MiKTeX\tex/latex/koma-script\scrlogo.st
y
Package: scrlogo 2026/02/02 v3.49.2 KOMA-Script package (logo)
)))
(C:\Users\Floris\AppData\Local\Programs\MiKTeX\tex/latex/graphics\keyval.sty
Package: keyval 2022/05/29 v1.15 key=value parser (DPC)
\KV@toks@=\toks17
)
Applying: [2021/05/01] Usage of raw or classic option list on input line 254.
Already applied: [0000/00/00] Usage of raw or classic option list on input line
 370.
))
(C:\Users\Floris\AppData\Local\Programs\MiKTeX\tex/latex/koma-script\tocbasic.s
ty
Package: tocbasic 2026/02/02 v3.49.2 KOMA-Script package (handling toc-files)
\scr@dte@tocline@numberwidth=\skip49
\scr@dte@tocline@numbox=\box53
)
Package tocbasic Info: omitting babel extension for `toc'
(tocbasic)             because of feature `nobabel' available
(tocbasic)             for `toc' on input line 143.
Package scrbook Info: You've used standard option `12pt'.
(scrbook)             This is correct!
(scrbook)             Internally I'm using `fontsize=12pt'.
(scrbook)             If you'd like to set the option with \KOMAoptions,
(scrbook)             you'd have to use `fontsize=12pt' there
(scrbook)             instead of `12pt', too.
Class scrbook Info: You've used standard option `oneside'.
(scrbook)           This is correct!
(scrbook)           Internally I'm using `twoside=false'.
(scrbook)           If you'd like to set the option with \KOMAoptions,
(scrbook)           you'd have to use `twoside=false' there
(scrbook)           instead of `oneside', too.
Class scrbook Info: File `scrsize12pt.clo' used to setup font sizes on input li
ne 2713.

(C:\Users\Floris\AppData\Local\Programs\MiKTeX\tex/latex/koma-script\scrsize12p
t.clo
File: scrsize12pt.clo 2026/02/02 v3.49.2 KOMA-Script font size class option (12
pt)
)
(C:\Users\Floris\AppData\Local\Programs\MiKTeX\tex/latex/koma-script\typearea.s
ty
Package: typearea 2026/02/02 v3.49.2 KOMA-Script package (type area)
\ta@bcor=\skip50
\ta@div=\count275
\ta@hblk=\skip51
\ta@vblk=\skip52
\ta@temp=\skip53
\footheight=\skip54
Package typearea Info: These are the values describing the layout:
(typearea)             DIV  = 11
(typearea)             BCOR = 0.0pt
(typearea)             \paperwidth      = 597.50793pt
(typearea)              \textwidth      = 434.55125pt
(typearea)              DIV departure   = -3%
(typearea)              \evensidemargin = 9.20834pt
(typearea)              \oddsidemargin  = 9.20834pt
(typearea)             \paperheight     = 845.04694pt
(typearea)              \textheight     = 621.0pt
(typearea)              \topmargin      = -35.32254pt
(typearea)              \headheight     = 18.125pt
(typearea)              \headsep        = 21.75pt
(typearea)              \topskip        = 12.0pt
(typearea)              \footskip       = 50.75pt
(typearea)              \baselineskip   = 14.5pt
(typearea)              on input line 1810.
)
\c@part=\count276
\c@chapter=\count277
\c@section=\count278
\c@subsection=\count279
\c@subsubsection=\count280
\c@paragraph=\count281
\c@subparagraph=\count282
\scr@dte@chapter@maxnumwidth=\skip55
Class scrbook Info: using compatibility default `afterindent=bysign'
(scrbook)           for `\chapter on input line 5945.
\scr@dte@section@maxnumwidth=\skip56
Class scrbook Info: using compatibility default `runin=bysign'
(scrbook)           for `\section on input line 5956.
Class scrbook Info: using compatibility default `afterindent=bysign'
(scrbook)           for `\section on input line 5956.
\scr@dte@part@maxnumwidth=\skip57
Class scrbook Info: using compatibility default `afterindent=true'
(scrbook)           for `\part on input line 5965.
\scr@dte@subsection@maxnumwidth=\skip58
Class scrbook Info: using compatibility default `runin=bysign'
(scrbook)           for `\subsection on input line 5975.
Class scrbook Info: using compatibility default `afterindent=bysign'
(scrbook)           for `\subsection on input line 5975.
\scr@dte@subsubsection@maxnumwidth=\skip59
Class scrbook Info: using compatibility default `runin=bysign'
(scrbook)           for `\subsubsection on input line 5985.
Class scrbook Info: using compatibility default `afterindent=bysign'
(scrbook)           for `\subsubsection on input line 5985.
\scr@dte@paragraph@maxnumwidth=\skip60
Class scrbook Info: using compatibility default `runin=bysign'
(scrbook)           for `\paragraph on input line 5996.
Class scrbook Info: using compatibility default `afterindent=bysign'
(scrbook)           for `\paragraph on input line 5996.
\scr@dte@subparagraph@maxnumwidth=\skip61
Class scrbook Info: using compatibility default `runin=bysign'
(scrbook)           for `\subparagraph on input line 6006.
Class scrbook Info: using compatibility default `afterindent=bysign'
(scrbook)           for `\subparagraph on input line 6006.
\abovecaptionskip=\skip62
\belowcaptionskip=\skip63
\c@pti@nb@sid@b@x=\box54
Package tocbasic Info: omitting babel extension for `lof'
(tocbasic)             because of feature `nobabel' available
(tocbasic)             for `lof' on input line 7242.
\scr@dte@figure@maxnumwidth=\skip64
\c@figure=\count283
Package tocbasic Info: omitting babel extension for `lot'
(tocbasic)             because of feature `nobabel' available
(tocbasic)             for `lot' on input line 7255.
\scr@dte@table@maxnumwidth=\skip65
\c@table=\count284
Class scrbook Info: Redefining `\numberline' on input line 7426.
\bibindent=\dimen150
) (C:\Users\Floris\AppData\Local\Programs\MiKTeX\tex/latex/base\inputenc.sty
Package: inputenc 2024/02/08 v1.3d Input encoding file
\inpenc@prehook=\toks18
\inpenc@posthook=\toks19
) (C:\Users\Floris\AppData\Local\Programs\MiKTeX\tex/generic/babel\babel.sty
Package: babel 2026/04/15 v26.6 The multilingual framework for LuaLaTeX, pdfLaT
eX and XeLaTeX
\babel@savecnt=\count285
LaTeX Encoding Info:    Redeclaring text command \ij (encoding OT1) on input li
ne 2078.
LaTeX Encoding Info:    Redeclaring text command \IJ (encoding OT1) on input li
ne 2080.
LaTeX Encoding Info:    Redeclaring text command \ij (encoding T1) on input lin
e 2082.
LaTeX Encoding Info:    Redeclaring text command \IJ (encoding T1) on input lin
e 2083.
LaTeX Encoding Info:    Ignoring declaration for text command \ij (encoding ?) 
on input line 2084.
LaTeX Encoding Info:    Ignoring declaration for text command \IJ (encoding ?) 
on input line 2086.
LaTeX Encoding Info:    Ignoring declaration for text command \SS (encoding ?) 
on input line 2111.
\U@D=\dimen151
\l@unhyphenated=\language79

(C:\Users\Floris\AppData\Local\Programs\MiKTeX\tex/generic/babel\txtbabel.def)
\bbl@readstream=\read2
\bbl@dirlevel=\count286
Package babel Info: Configuration files are deprecated, as
(babel)             they can break document portability.
(babel)             Reported on input line 4206.

*************************************
* Local config file bblopts.cfg used
*
(C:\Users\Floris\AppData\Local\Programs\MiKTeX\tex/latex/arabi\bblopts.cfg
File: bblopts.cfg 2005/09/08 v0.1 add Arabic and Farsi to "declared" options of
 babel
)
(C:\Users\Floris\AppData\Local\Programs\MiKTeX\tex/generic/babel/locale/en\babe
l-english.tex)
Package babel Info: Importing font and identification data for english
(babel)             from babel-en.ini. Reported on input line 4330.

(C:\Users\Floris\AppData\Local\Programs\MiKTeX\tex/latex/babel-english\english.
ldf
Language: english 2017/06/06 v3.3r English support from the babel system
Package babel Info: Hyphen rules for 'canadian' set to \l@english
(babel)             (\language0). Reported on input line 102.
Package babel Info: Hyphen rules for 'australian' set to \l@ukenglish
(babel)             (\language73). Reported on input line 105.
Package babel Info: Hyphen rules for 'newzealand' set to \l@ukenglish
(babel)             (\language73). Reported on input line 108.
))
(C:\Users\Floris\AppData\Local\Programs\MiKTeX\tex/latex/csquotes\csquotes.sty
Package: csquotes 2026-05-19 v5.2p context-sensitive quotations (JAW)

(C:\Users\Floris\AppData\Local\Programs\MiKTeX\tex/latex/etoolbox\etoolbox.sty
Package: etoolbox 2025/10/02 v2.5m e-TeX tools for LaTeX (JAW)
\etb@tempcnta=\count287
)
\csq@reset=\count288
\csq@gtype=\count289
\csq@glevel=\count290
\csq@qlevel=\count291
\csq@maxlvl=\count292
\csq@tshold=\count293
\csq@ltx@everypar=\toks20
(C:\Users\Floris\AppData\Local\Programs\MiKTeX\tex/latex/csquotes\csquotes.def
File: csquotes.def 2026-05-19 v5.2p csquotes generic definitions (JAW)
)
Package csquotes Info: Trying to load configuration file 'csquotes.cfg'...
Package csquotes Info: ... configuration file loaded successfully.
(C:\Users\Floris\AppData\Local\Programs\MiKTeX\tex/latex/csquotes\csquotes.cfg
File: csquotes.cfg 
)
Package csquotes Info: Enabling multilingual quotes.
) (C:\Users\Floris\AppData\Local\Programs\MiKTeX\tex/latex/xcolor\xcolor.sty
Package: xcolor 2024/09/29 v3.02 LaTeX color extensions (UK)

(C:\Users\Floris\AppData\Local\Programs\MiKTeX\tex/latex/graphics-cfg\color.cfg
File: color.cfg 2016/01/02 v1.6 sample color configuration
)

Package xcolor Warning: Package option `hyperref' is obsolete and ignored on in
put line 265.

Package xcolor Info: Driver file: pdftex.def on input line 274.

(C:\Users\Floris\AppData\Local\Programs\MiKTeX\tex/latex/graphics-def\pdftex.de
f
File: pdftex.def 2025/09/29 v1.2d Graphics/color driver for pdftex
)
(C:\Users\Floris\AppData\Local\Programs\MiKTeX\tex/latex/graphics\mathcolor.ltx
)
Package xcolor Info: Model `cmy' substituted by `cmy0' on input line 1349.
Package xcolor Info: Model `hsb' substituted by `rgb' on input line 1353.
Package xcolor Info: Model `RGB' extended on input line 1365.
Package xcolor Info: Model `HTML' substituted by `rgb' on input line 1367.
Package xcolor Info: Model `Hsb' substituted by `hsb' on input line 1368.
Package xcolor Info: Model `tHsb' substituted by `hsb' on input line 1369.
Package xcolor Info: Model `HSB' substituted by `hsb' on input line 1370.
Package xcolor Info: Model `Gray' substituted by `gray' on input line 1371.
Package xcolor Info: Model `wave' substituted by `hsb' on input line 1372.
) (C:\Users\Floris\AppData\Local\Programs\MiKTeX\tex/latex/xcolor\svgnam.def
File: svgnam.def 2024/09/29 v3.02 Predefined colors according to SVG 1.1 (UK)
)
(C:\Users\Floris\AppData\Local\Programs\MiKTeX\tex/latex/amsmath\amsmath.sty
Package: amsmath 2025/07/09 v2.17z AMS math features
\@mathmargin=\skip66

For additional information on amsmath, use the `?' option.
(C:\Users\Floris\AppData\Local\Programs\MiKTeX\tex/latex/amsmath\amstext.sty
Package: amstext 2024/11/17 v2.01 AMS text

(C:\Users\Floris\AppData\Local\Programs\MiKTeX\tex/latex/amsmath\amsgen.sty
File: amsgen.sty 1999/11/30 v2.0 generic functions
\@emptytoks=\toks21
\ex@=\dimen152
))
(C:\Users\Floris\AppData\Local\Programs\MiKTeX\tex/latex/amsmath\amsbsy.sty
Package: amsbsy 1999/11/29 v1.2d Bold Symbols
\pmbraise@=\dimen153
)
(C:\Users\Floris\AppData\Local\Programs\MiKTeX\tex/latex/amsmath\amsopn.sty
Package: amsopn 2022/04/08 v2.04 operator names
)
\inf@bad=\count294
LaTeX Info: Redefining \frac on input line 233.
\uproot@=\count295
\leftroot@=\count296
LaTeX Info: Redefining \overline on input line 398.
LaTeX Info: Redefining \colon on input line 409.
\classnum@=\count297
\DOTSCASE@=\count298
LaTeX Info: Redefining \ldots on input line 495.
LaTeX Info: Redefining \dots on input line 498.
LaTeX Info: Redefining \cdots on input line 619.
\Mathstrutbox@=\box55
\strutbox@=\box56
LaTeX Info: Redefining \big on input line 721.
LaTeX Info: Redefining \Big on input line 722.
LaTeX Info: Redefining \bigg on input line 723.
LaTeX Info: Redefining \Bigg on input line 724.
\big@size=\dimen154
LaTeX Font Info:    Redeclaring font encoding OML on input line 742.
LaTeX Font Info:    Redeclaring font encoding OMS on input line 743.
\macc@depth=\count299
LaTeX Info: Redefining \bmod on input line 904.
LaTeX Info: Redefining \pmod on input line 909.
LaTeX Info: Redefining \smash on input line 939.
LaTeX Info: Redefining \relbar on input line 969.
LaTeX Info: Redefining \Relbar on input line 970.
\c@MaxMatrixCols=\count300
\dotsspace@=\muskip17
\c@parentequation=\count301
\dspbrk@lvl=\count302
\tag@help=\toks22
\row@=\count303
\column@=\count304
\maxfields@=\count305
\andhelp@=\toks23
\eqnshift@=\dimen155
\alignsep@=\dimen156
\tagshift@=\dimen157
\tagwidth@=\dimen158
\totwidth@=\dimen159
\lineht@=\dimen160
\@envbody=\toks24
\multlinegap=\skip67
\multlinetaggap=\skip68
\mathdisplay@stack=\toks25
LaTeX Info: Redefining \[ on input line 2950.
LaTeX Info: Redefining \] on input line 2951.
)
(C:\Users\Floris\AppData\Local\Programs\MiKTeX\tex/latex/amscls\amsthm.sty
Package: amsthm 2020/05/29 v2.20.6
\thm@style=\toks26
\thm@bodyfont=\toks27
\thm@headfont=\toks28
\thm@notefont=\toks29
\thm@headpunct=\toks30
\thm@preskip=\skip69
\thm@postskip=\skip70
\thm@headsep=\skip71
\dth@everypar=\toks31
)
(C:\Users\Floris\AppData\Local\Programs\MiKTeX\tex/latex/xpatch\xpatch.sty
(C:\Users\Floris\AppData\Local\Programs\MiKTeX\tex/latex/l3kernel\expl3.sty
Package: expl3 2026-03-20 L3 programming layer (loader) 

(C:\Users\Floris\AppData\Local\Programs\MiKTeX\tex/latex/l3backend\l3backend-pd
ftex.def
File: l3backend-pdftex.def 2026-02-18 L3 backend support: PDF output (pdfTeX)
\l__color_backend_stack_int=\count306
))
Package: xpatch 2020/03/25 v0.3a Extending etoolbox patching commands

(C:\Users\Floris\AppData\Local\Programs\MiKTeX\tex/latex/l3packages/xparse\xpar
se.sty
Package: xparse 2025-10-09 L3 Experimental document command parser
))
Class scrbook Info: amsthm's \deferred@thm@head patched.

(C:\Users\Floris\AppData\Local\Programs\MiKTeX\tex/latex/mathtools\mathtools.st
y
Package: mathtools 2024/10/04 v1.31 mathematical typesetting tools
 (C:\Users\Floris\AppData\Local\Programs\MiKTeX\tex/latex/tools\calc.sty
Package: calc 2025/03/01 v4.3b Infix arithmetic (KKT,FJ)
\calc@Acount=\count307
\calc@Bcount=\count308
\calc@Adimen=\dimen161
\calc@Bdimen=\dimen162
\calc@Askip=\skip72
\calc@Bskip=\skip73
LaTeX Info: Redefining \setlength on input line 86.
LaTeX Info: Redefining \addtolength on input line 87.
\calc@Ccount=\count309
\calc@Cskip=\skip74
)
(C:\Users\Floris\AppData\Local\Programs\MiKTeX\tex/latex/mathtools\mhsetup.sty
Package: mhsetup 2021/03/18 v1.4 programming setup (MH)
)
\g_MT_multlinerow_int=\count310
\l_MT_multwidth_dim=\dimen163
\origjot=\skip75
\l_MT_shortvdotswithinadjustabove_dim=\dimen164
\l_MT_shortvdotswithinadjustbelow_dim=\dimen165
\l_MT_above_intertext_sep=\dimen166
\l_MT_below_intertext_sep=\dimen167
\l_MT_above_shortintertext_sep=\dimen168
\l_MT_below_shortintertext_sep=\dimen169
\xmathstrut@box=\box57
\xmathstrut@dim=\dimen170
)
(C:\Users\Floris\AppData\Local\Programs\MiKTeX\tex/latex/algorithms\algorithm.s
ty
Package: algorithm 2009/08/24 v0.1 Document Style `algorithm' - floating enviro
nment
 (C:\Users\Floris\AppData\Local\Programs\MiKTeX\tex/latex/float\float.sty
Package: float 2001/11/08 v1.3d Float enhancements (AL)
\c@float@type=\count311
\float@exts=\toks32
\float@box=\box58
\@float@everytoks=\toks33
\@floatcapt=\box59
)
(C:\Users\Floris\AppData\Local\Programs\MiKTeX\tex/latex/base\ifthen.sty
Package: ifthen 2024/03/16 v1.1e Standard LaTeX ifthen package (DPC)
)
\@float@every@algorithm=\toks34
\c@algorithm=\count312
)
(C:\Users\Floris\AppData\Local\Programs\MiKTeX\tex/latex/hyperref\hyperref.sty
Package: hyperref 2026-04-24 v7.01q Hypertext links for LaTeX

(C:\Users\Floris\AppData\Local\Programs\MiKTeX\tex/generic/iftex\iftex.sty
Package: iftex 2024/12/12 v1.0g TeX engine tests
)
(C:\Users\Floris\AppData\Local\Programs\MiKTeX\tex/latex/kvsetkeys\kvsetkeys.st
y
Package: kvsetkeys 2022-10-05 v1.19 Key value parser (HO)
)
(C:\Users\Floris\AppData\Local\Programs\MiKTeX\tex/generic/kvdefinekeys\kvdefin
ekeys.sty
Package: kvdefinekeys 2019-12-19 v1.6 Define keys (HO)
)
(C:\Users\Floris\AppData\Local\Programs\MiKTeX\tex/generic/pdfescape\pdfescape.
sty
Package: pdfescape 2019/12/09 v1.15 Implements pdfTeX's escape features (HO)

(C:\Users\Floris\AppData\Local\Programs\MiKTeX\tex/generic/ltxcmds\ltxcmds.sty
Package: ltxcmds 2023-12-04 v1.26 LaTeX kernel commands for general use (HO)
)
(C:\Users\Floris\AppData\Local\Programs\MiKTeX\tex/generic/pdftexcmds\pdftexcmd
s.sty
Package: pdftexcmds 2020-06-27 v0.33 Utility functions of pdfTeX for LuaTeX (HO
)

(C:\Users\Floris\AppData\Local\Programs\MiKTeX\tex/generic/infwarerr\infwarerr.
sty
Package: infwarerr 2019/12/03 v1.5 Providing info/warning/error messages (HO)
)
Package pdftexcmds Info: \pdf@primitive is available.
Package pdftexcmds Info: \pdf@ifprimitive is available.
Package pdftexcmds Info: \pdfdraftmode found.
))
(C:\Users\Floris\AppData\Local\Programs\MiKTeX\tex/latex/hycolor\hycolor.sty
Package: hycolor 2020-01-27 v1.10 Color options for hyperref/bookmark (HO)
)
(C:\Users\Floris\AppData\Local\Programs\MiKTeX\tex/latex/hyperref\nameref.sty
Package: nameref 2026-01-29 v2.58 Cross-referencing by name of section

(C:\Users\Floris\AppData\Local\Programs\MiKTeX\tex/latex/refcount\refcount.sty
Package: refcount 2019/12/15 v3.6 Data extraction from label references (HO)
)
(C:\Users\Floris\AppData\Local\Programs\MiKTeX\tex/generic/gettitlestring\getti
tlestring.sty
Package: gettitlestring 2019/12/15 v1.6 Cleanup title references (HO)

(C:\Users\Floris\AppData\Local\Programs\MiKTeX\tex/latex/kvoptions\kvoptions.st
y
Package: kvoptions 2022-06-15 v3.15 Key value format for package options (HO)
))
\c@section@level=\count313
)
(C:\Users\Floris\AppData\Local\Programs\MiKTeX\tex/generic/stringenc\stringenc.
sty
Package: stringenc 2019/11/29 v1.12 Convert strings between diff. encodings (HO
)
)
\@linkdim=\dimen171
\Hy@linkcounter=\count314
\Hy@pagecounter=\count315

(C:\Users\Floris\AppData\Local\Programs\MiKTeX\tex/latex/hyperref\pd1enc.def
File: pd1enc.def 2026-04-24 v7.01q Hyperref: PDFDocEncoding definition (HO)
Now handling font encoding PD1 ...
... no UTF-8 mapping file for font encoding PD1
)
(C:\Users\Floris\AppData\Local\Programs\MiKTeX\tex/generic/intcalc\intcalc.sty
Package: intcalc 2019/12/15 v1.3 Expandable calculations with integers (HO)
)
\Hy@SavedSpaceFactor=\count316
(C:\Users\Floris\AppData\Local\Programs\MiKTeX\tex/latex/hyperref\puenc.def
File: puenc.def 2026-04-24 v7.01q Hyperref: PDF Unicode definition (HO)
Now handling font encoding PU ...
... no UTF-8 mapping file for font encoding PU
)
Package hyperref Info: Option `colorlinks' set `true' on input line 4070.
Package hyperref Info: Option `unicode' set `true' on input line 4070.
Package hyperref Info: Option `hypertexnames' set `false' on input line 4070.
Package hyperref Info: Option `linktocpage' set `true' on input line 4070.
Package hyperref Info: Hyper figures OFF on input line 4199.
Package hyperref Info: Link nesting OFF on input line 4204.
Package hyperref Info: Hyper index ON on input line 4207.
Package hyperref Info: Plain pages OFF on input line 4214.
Package hyperref Info: Backreferencing OFF on input line 4219.
Package hyperref Info: Implicit mode ON; LaTeX internals redefined.
Package hyperref Info: Bookmarks ON on input line 4466.
\c@Hy@tempcnt=\count317

(C:\Users\Floris\AppData\Local\Programs\MiKTeX\tex/latex/url\url.sty
\Urlmuskip=\muskip18
Package: url 2013/09/16  ver 3.4  Verb mode for urls, etc.
)
LaTeX Info: Redefining \url on input line 4805.
\XeTeXLinkMargin=\dimen172

(C:\Users\Floris\AppData\Local\Programs\MiKTeX\tex/generic/bitset\bitset.sty
Package: bitset 2019/12/09 v1.3 Handle bit-vector datatype (HO)

(C:\Users\Floris\AppData\Local\Programs\MiKTeX\tex/generic/bigintcalc\bigintcal
c.sty
Package: bigintcalc 2019/12/15 v1.5 Expandable calculations on big integers (HO
)
))
\Fld@menulength=\count318
\Field@Width=\dimen173
\Fld@charsize=\dimen174
Package hyperref Info: Hyper figures OFF on input line 6091.
Package hyperref Info: Link nesting OFF on input line 6096.
Package hyperref Info: Hyper index ON on input line 6099.
Package hyperref Info: backreferencing OFF on input line 6106.
Package hyperref Info: Link coloring ON on input line 6109.
Package hyperref Info: Link coloring with OCG OFF on input line 6116.
Package hyperref Info: PDF/A mode OFF on input line 6121.
\Hy@abspage=\count319
\c@Item=\count320
\c@Hfootnote=\count321
)
Package hyperref Info: Driver (autodetected): hpdftex.

(C:\Users\Floris\AppData\Local\Programs\MiKTeX\tex/latex/hyperref\hpdftex.def
File: hpdftex.def 2026-04-24 v7.01q Hyperref driver for pdfTeX
\Fld@listcount=\count322
\c@bookmark@seq@number=\count323

(C:\Users\Floris\AppData\Local\Programs\MiKTeX\tex/latex/rerunfilecheck\rerunfi
lecheck.sty
Package: rerunfilecheck 2025-06-21 v1.11 Rerun checks for auxiliary files (HO)

(C:\Users\Floris\AppData\Local\Programs\MiKTeX\tex/generic/uniquecounter\unique
counter.sty
Package: uniquecounter 2019/12/15 v1.4 Provide unlimited unique counter (HO)
)
Package uniquecounter Info: New unique counter `rerunfilecheck' on input line 2
84.
)
\Hy@SectionHShift=\skip76
)
(C:\Users\Floris\AppData\Local\Programs\MiKTeX\tex/latex/cleveref\cleveref.sty
Package: cleveref 2018/03/27 v0.21.4 Intelligent cross-referencing
Package cleveref Info: `hyperref' support loaded on input line 2370.
LaTeX Info: Redefining \cref on input line 2370.
LaTeX Info: Redefining \Cref on input line 2370.
LaTeX Info: Redefining \crefrange on input line 2370.
LaTeX Info: Redefining \Crefrange on input line 2370.
LaTeX Info: Redefining \cpageref on input line 2370.
LaTeX Info: Redefining \Cpageref on input line 2370.
LaTeX Info: Redefining \cpagerefrange on input line 2370.
LaTeX Info: Redefining \Cpagerefrange on input line 2370.
LaTeX Info: Redefining \labelcref on input line 2370.
LaTeX Info: Redefining \labelcpageref on input line 2370.
Package cleveref Info: `amsthm' support loaded on input line 3026.
Package cleveref Info: always capitalise cross-reference names on input line 78
25.
Package cleveref Info: include cross-reference names in hyperlinks on input lin
e 7836.
Package cleveref Info: include cross-reference names in hyperlinks on input lin
e 7852.
Package cleveref Info: always capitalise cross-reference names on input line 78
52.
)
==> First Aid for cleveref.sty applied!
(C:\Users\Floris\AppData\Local\Programs\MiKTeX\tex/latex/base\fontenc.sty
Package: fontenc 2025/07/18 v2.1d Standard LaTeX package
)
(C:\Users\Floris\AppData\Local\Programs\MiKTeX\tex/latex/libertine\libertine.st
y
Package: libertine 2024/04/23 (Bob Tennent) Supports Libertine and Biolinum fon
ts for all LaTeX engines.
 (C:\Users\Floris\AppData\Local\Programs\MiKTeX\tex/generic/iftex\ifxetex.sty
Package: ifxetex 2019/10/25 v0.7 ifxetex legacy package. Use iftex instead.
) (C:\Users\Floris\AppData\Local\Programs\MiKTeX\tex/generic/iftex\ifluatex.sty
Package: ifluatex 2019/10/25 v1.5 ifluatex legacy package. Use iftex instead.
) (C:\Users\Floris\AppData\Local\Programs\MiKTeX\tex/latex/xkeyval\xkeyval.sty
Package: xkeyval 2022/06/16 v2.9 package option processing (HA)

(C:\Users\Floris\AppData\Local\Programs\MiKTeX\tex/generic/xkeyval\xkeyval.tex
(C:\Users\Floris\AppData\Local\Programs\MiKTeX\tex/generic/xkeyval\xkvutils.tex
\XKV@toks=\toks35
\XKV@tempa@toks=\toks36
)
\XKV@depth=\count324
File: xkeyval.tex 2014/12/03 v2.7a key=value parser (HA)
)) (C:\Users\Floris\AppData\Local\Programs\MiKTeX\tex/latex/base\textcomp.sty
Package: textcomp 2024/04/24 v2.1b Standard LaTeX package
) (C:\Users\Floris\AppData\Local\Programs\MiKTeX\tex/latex/base\fontenc.sty
Package: fontenc 2025/07/18 v2.1d Standard LaTeX package
)
(C:\Users\Floris\AppData\Local\Programs\MiKTeX\tex/latex/fontaxes\fontaxes.sty
Package: fontaxes 2026-01-02 v2.0.2 Font selection axes (deprecated)
Applying: [2024-11-01] Use figureversions if present on input line 74.

(C:\Users\Floris\AppData\Local\Programs\MiKTeX\tex/latex/figureversions\figurev
ersions.sty
Package: figureversions 2025-04-29 v1.0.1 Figure versions
)
Already applied: [0000-00-00] Fall back to v1 on input line 76.
)
LaTeX Info: Redefining \oldstylenums on input line 485.

(C:\Users\Floris\AppData\Local\Programs\MiKTeX\tex/latex/libertine\LinLibertine
_I.tex))
(C:\Users\Floris\AppData\Local\Programs\MiKTeX\tex/latex/newtx\newtxmath.sty
Package: newtxmath 2024/09/22 v1.754

`newtxmath' v1.754, 2024/09/22 Math macros based originally on txfonts (msharpe
)
(C:\Users\Floris\AppData\Local\Programs\MiKTeX\tex/latex/oberdiek\centernot.sty
Package: centernot 2016/05/16 v1.4 Centers the not symbol horizontally (HO)
)
\tx@cntz=\count325
 (C:\Users\Floris\AppData\Local\Programs\MiKTeX\tex/generic/binhex\binhex.tex)
\tx@Isdigit=\count326
\tx@IsAlNum=\count327
\tx@tA=\toks37
\tx@tB=\toks38
\tx@su=\read3
amsthm NOT loaded
LaTeX Font Info:    Redeclaring symbol font `operators' on input line 402.
LaTeX Font Info:    Overwriting symbol font `operators' in version `normal'
(Font)                  OT1/cmr/m/n --> OT1/LinuxLibertineT-LF/m/n on input lin
e 402.
LaTeX Font Info:    Overwriting symbol font `operators' in version `bold'
(Font)                  OT1/cmr/bx/n --> OT1/LinuxLibertineT-LF/m/n on input li
ne 402.
LaTeX Font Info:    Overwriting symbol font `operators' in version `bold'
(Font)                  OT1/LinuxLibertineT-LF/m/n --> OT1/LinuxLibertineT-LF/s
b/n on input line 403.
LaTeX Font Info:    Redeclaring math alphabet \mathsf on input line 410.
LaTeX Font Info:    Overwriting math alphabet `\mathsf' in version `normal'
(Font)                  OT1/cmss/m/n --> OT1/LinuxBiolinumT-LF/m/n on input lin
e 410.
LaTeX Font Info:    Overwriting math alphabet `\mathsf' in version `bold'
(Font)                  OT1/cmss/bx/n --> OT1/LinuxBiolinumT-LF/m/n on input li
ne 410.
LaTeX Font Info:    Overwriting math alphabet `\mathsf' in version `bold'
(Font)                  OT1/LinuxBiolinumT-LF/m/n --> OT1/LinuxBiolinumT-LF/b/n
 on input line 412.
LaTeX Font Info:    Redeclaring math alphabet \mathit on input line 419.
LaTeX Font Info:    Overwriting math alphabet `\mathit' in version `normal'
(Font)                  OT1/cmr/m/it --> OT1/LinuxLibertineT-LF/m/it on input l
ine 419.
LaTeX Font Info:    Overwriting math alphabet `\mathit' in version `bold'
(Font)                  OT1/cmr/bx/it --> OT1/LinuxLibertineT-LF/m/it on input 
line 419.
LaTeX Font Info:    Redeclaring math alphabet \mathtt on input line 420.
LaTeX Font Info:    Overwriting math alphabet `\mathtt' in version `normal'
(Font)                  OT1/cmtt/m/n --> T1/LinuxLibertineMonoT-TLF/m/n on inpu
t line 420.
LaTeX Font Info:    Overwriting math alphabet `\mathtt' in version `bold'
(Font)                  OT1/cmtt/m/n --> T1/LinuxLibertineMonoT-TLF/m/n on inpu
t line 420.
LaTeX Font Info:    Redeclaring math alphabet \mathbf on input line 422.
LaTeX Font Info:    Overwriting math alphabet `\mathbf' in version `normal'
(Font)                  OT1/cmr/bx/n --> OT1/LinuxLibertineT-LF/sb/n on input l
ine 422.
LaTeX Font Info:    Overwriting math alphabet `\mathbf' in version `bold'
(Font)                  OT1/cmr/bx/n --> OT1/LinuxLibertineT-LF/sb/n on input l
ine 422.
LaTeX Font Info:    Overwriting math alphabet `\mathit' in version `bold'
(Font)                  OT1/LinuxLibertineT-LF/m/it --> OT1/LinuxLibertineT-LF/
sb/it on input line 423.
LaTeX Font Info:    Overwriting math alphabet `\mathtt' in version `bold'
(Font)                  T1/LinuxLibertineMonoT-TLF/m/n --> T1/LinuxLibertineMon
oT-TLF/b/n on input line 426.
LaTeX Font Info:    Redeclaring symbol font `letters' on input line 444.
LaTeX Font Info:    Overwriting symbol font `letters' in version `normal'
(Font)                  OML/cmm/m/it --> OML/nxlmi/m/it on input line 444.
LaTeX Font Info:    Overwriting symbol font `letters' in version `bold'
(Font)                  OML/cmm/b/it --> OML/nxlmi/m/it on input line 444.
LaTeX Font Info:    Overwriting symbol font `letters' in version `bold'
(Font)                  OML/nxlmi/m/it --> OML/nxlmi/b/it on input line 445.
\symlettersA=\mathgroup4
LaTeX Font Info:    Overwriting symbol font `lettersA' in version `bold'
(Font)                  U/ntxmia/m/it --> U/ntxmia/b/it on input line 582.
Now handling font encoding LMS ...
... no UTF-8 mapping file for font encoding LMS
LaTeX Font Info:    Redeclaring symbol font `symbols' on input line 604.
LaTeX Font Info:    Encoding `OMS' has changed to `LMS' for symbol font
(Font)              `symbols' in the math version `normal' on input line 604.
LaTeX Font Info:    Overwriting symbol font `symbols' in version `normal'
(Font)                  OMS/cmsy/m/n --> LMS/ntxsy/m/n on input line 604.
LaTeX Font Info:    Encoding `OMS' has changed to `LMS' for symbol font
(Font)              `symbols' in the math version `bold' on input line 604.
LaTeX Font Info:    Overwriting symbol font `symbols' in version `bold'
(Font)                  OMS/cmsy/b/n --> LMS/ntxsy/m/n on input line 604.
LaTeX Font Info:    Overwriting symbol font `symbols' in version `bold'
(Font)                  LMS/ntxsy/m/n --> LMS/ntxsy/b/n on input line 605.
\symAMSm=\mathgroup5
LaTeX Font Info:    Overwriting symbol font `AMSm' in version `bold'
(Font)                  U/ntxsym/m/n --> U/ntxsym/b/n on input line 630.
\symsymbolsC=\mathgroup6
LaTeX Font Info:    Overwriting symbol font `symbolsC' in version `bold'
(Font)                  U/ntxsyc/m/n --> U/ntxsyc/b/n on input line 651.
Now handling font encoding LMX ...
... no UTF-8 mapping file for font encoding LMX
LaTeX Font Info:    Redeclaring symbol font `largesymbols' on input line 664.
LaTeX Font Info:    Encoding `OMX' has changed to `LMX' for symbol font
(Font)              `largesymbols' in the math version `normal' on input line 6
64.
LaTeX Font Info:    Overwriting symbol font `largesymbols' in version `normal'
(Font)                  OMX/cmex/m/n --> LMX/ntxexx/m/n on input line 664.
LaTeX Font Info:    Encoding `OMX' has changed to `LMX' for symbol font
(Font)              `largesymbols' in the math version `bold' on input line 664
.
LaTeX Font Info:    Overwriting symbol font `largesymbols' in version `bold'
(Font)                  OMX/cmex/m/n --> LMX/ntxexx/m/n on input line 664.
LaTeX Font Info:    Overwriting symbol font `largesymbols' in version `bold'
(Font)                  LMX/ntxexx/m/n --> LMX/ntxexx/b/n on input line 665.
\symlargesymbolsTXA=\mathgroup7
LaTeX Font Info:    Overwriting symbol font `largesymbolsTXA' in version `bold'

(Font)                  U/ntxexa/m/n --> U/ntxexa/b/n on input line 679.
\tx@sbptoks=\toks39
LaTeX Font Info:    Redeclaring math delimiter \lfloor on input line 902.
LaTeX Font Info:    Redeclaring math delimiter \rfloor on input line 903.
LaTeX Font Info:    Redeclaring math delimiter \lceil on input line 904.
LaTeX Font Info:    Redeclaring math delimiter \rceil on input line 905.
LaTeX Font Info:    Redeclaring math delimiter \lbrace on input line 910.
LaTeX Font Info:    Redeclaring math delimiter \rbrace on input line 911.
LaTeX Font Info:    Redeclaring math delimiter \langle on input line 913.
LaTeX Font Info:    Redeclaring math delimiter \rangle on input line 915.
LaTeX Font Info:    Redeclaring math delimiter \arrowvert on input line 919.
LaTeX Font Info:    Redeclaring math delimiter \vert on input line 920.
LaTeX Font Info:    Redeclaring math symbol \hbar on input line 966.
LaTeX Font Info:    Redeclaring math accent \dot on input line 991.
LaTeX Font Info:    Redeclaring math accent \ddot on input line 992.
LaTeX Font Info:    Redeclaring math accent \vec on input line 2057.
LaTeX Info: Redefining \Bbbk on input line 2847.
LaTeX Info: Redefining \not on input line 2995.
LaTeX Info: Redefining \textsquare on input line 3025.
LaTeX Info: Redefining \openbox on input line 3027.
)
(C:\Users\Floris\AppData\Local\Programs\MiKTeX\tex/latex/inconsolata\inconsolat
a.sty
Package: inconsolata 2019/05/17 v1.12

`inconsolata-zi4' v1.12, 2019/05/17 Text macros for Inconsolata (msharpe)
\zifour@ocount=\count328
)
(C:\Users\Floris\AppData\Local\Programs\MiKTeX\tex/latex/microtype\microtype.st
y
Package: microtype 2026/03/01 v3.2d Micro-typographical refinements (RS)
\MT@toks=\toks40
\MT@tempbox=\box60
\MT@count=\count329
LaTeX Info: Redefining \noprotrusionifhmode on input line 1084.
LaTeX Info: Redefining \leftprotrusion on input line 1085.
\MT@prot@toks=\toks41
LaTeX Info: Redefining \rightprotrusion on input line 1104.
LaTeX Info: Redefining \textls on input line 1449.
\MT@outer@kern=\dimen175
LaTeX Info: Redefining \microtypecontext on input line 2053.
LaTeX Info: Redefining \textmicrotypecontext on input line 2070.
\MT@listname@count=\count330

(C:\Users\Floris\AppData\Local\Programs\MiKTeX\tex/latex/microtype\microtype-pd
ftex.def
File: microtype-pdftex.def 2026/03/01 v3.2d Definitions specific to pdftex (RS)

LaTeX Info: Redefining \lsstyle on input line 944.
LaTeX Info: Redefining \lslig on input line 944.
\MT@outer@space=\skip77
)
Package microtype Info: Loading configuration file microtype.cfg.

(C:\Users\Floris\AppData\Local\Programs\MiKTeX\tex/latex/microtype\microtype.cf
g
File: microtype.cfg 2026/03/01 v3.2d microtype main configuration file (RS)
)
LaTeX Info: Redefining \microtypesetup on input line 3065.
)
(C:\Users\Floris\AppData\Local\Programs\MiKTeX\tex/latex/textcase\textcase.sty
Package: textcase 2025/02/16 v1.05 Text only upper/lower case changing (DPC)
Package textcase Info: Defining Legacy names on input line 20.
)

Class scrbook Warning: Usage of package `tocloft' together
(scrbook)              with a KOMA-Script class is not recommended.
(scrbook)              I'd suggest to use options like `listof=entryprefix',
(scrbook)              commands like `\listoflofentryname' or
(scrbook)              `\listoflotentryname', and `\DeclareTOCStyleEntry' or
(scrbook)              `\RedeclareSectionCommand' instead of this package,
(scrbook)              because it breaks several KOMA-Script features of
(scrbook)              the list of figures, list of tables and table of
(scrbook)              contents, i.e., options like `listof=numbered',
(scrbook)              `listof=flat or `toc=flat', commands like
(scrbook)              `\BeforeTOCHead{...}' and `\AfterTOCHead{...}',
(scrbook)              `\BeforeStartingTOC{...}' and \AfterStartingTOC{...}',
(scrbook)              all features of `\DeclareTOCStyleEntry',
(scrbook)              and the ToC entry features of `\DeclareSecionCommand'
(scrbook)              and `\RedeclareSectionCommand' of levels
(scrbook)              `part', `section', `subsection',
(scrbook)              `subsubsection', `paragraph' and `subparagraph'.
(scrbook)              Nevertheless, using requested
(scrbook)              package `tocloft' on input line 158.

(C:\Users\Floris\AppData\Local\Programs\MiKTeX\tex/latex/tocloft\tocloft.sty
Package: tocloft 2017/08/31 v2.3i parameterised ToC, etc., typesetting
Package tocloft Info: The document has chapter divisions on input line 51.
\cftparskip=\skip78
\cftbeforetoctitleskip=\skip79
\cftaftertoctitleskip=\skip80
\cftbeforepartskip=\skip81
\cftpartnumwidth=\skip82
\cftpartindent=\skip83
\cftbeforechapskip=\skip84
\cftchapindent=\skip85
\cftchapnumwidth=\skip86
\cftbeforesecskip=\skip87
\cftsecindent=\skip88
\cftsecnumwidth=\skip89
\cftbeforesubsecskip=\skip90
\cftsubsecindent=\skip91
\cftsubsecnumwidth=\skip92
\cftbeforesubsubsecskip=\skip93
\cftsubsubsecindent=\skip94
\cftsubsubsecnumwidth=\skip95
\cftbeforeparaskip=\skip96
\cftparaindent=\skip97
\cftparanumwidth=\skip98
\cftbeforesubparaskip=\skip99
\cftsubparaindent=\skip100
\cftsubparanumwidth=\skip101
\cftbeforeloftitleskip=\skip102
\cftafterloftitleskip=\skip103
\cftbeforefigskip=\skip104
\cftfigindent=\skip105
\cftfignumwidth=\skip106
\c@lofdepth=\count331
\c@lotdepth=\count332
\cftbeforelottitleskip=\skip107
\cftafterlottitleskip=\skip108
\cftbeforetabskip=\skip109
\cfttabindent=\skip110
\cfttabnumwidth=\skip111
)
(C:\Users\Floris\AppData\Local\Programs\MiKTeX\tex/latex/koma-script\scrlayer-s
crpage.sty
Package: scrlayer-scrpage 2026/02/02 v3.49.2 KOMA-Script package (end user inte
rface for scrlayer)

(C:\Users\Floris\AppData\Local\Programs\MiKTeX\tex/latex/koma-script\scrlayer.s
ty
Package: scrlayer 2026/02/02 v3.49.2 KOMA-Script package (defining layers and p
age styles)
Package scrlayer Info: patching LaTeX kernel macro \pagestyle on input line 217
9.
)
Package scrlayer-scrpage Info: Makeing stand-alone element `pagehead' from
(scrlayer-scrpage)             alias to `pageheadfoot' on input line 1106.
)
(C:\Users\Floris\AppData\Local\Programs\MiKTeX\tex/latex/truncate\truncate.sty
Package: truncate 2001/08/20  ver 3.6
\@Trunc@RestHyph=\toks42
) (C:\Users\Floris\AppData\Local\Programs\MiKTeX\tex/latex/caption\caption.sty
Package: caption 2023/08/05 v3.6o Customizing captions (AR)

Package tocbasic Info: Loading of class-dependent code for package caption3
(tocbasic)             prevented on line 50.


(C:\Users\Floris\AppData\Local\Programs\MiKTeX\tex/latex/caption\caption3.sty
Package: caption3 2023/07/31 v2.4d caption3 kernel (AR)
\caption@tempdima=\dimen176
\captionmargin=\dimen177
\caption@leftmargin=\dimen178
\caption@rightmargin=\dimen179
\caption@width=\dimen180
\caption@indent=\dimen181
\caption@parindent=\dimen182
\caption@hangindent=\dimen183
)
\c@caption@flags=\count333
\c@continuedfloat=\count334
Package caption Info: float package is loaded.
Package caption Info: hyperref package is loaded.
)
(C:\Users\Floris\AppData\Local\Programs\MiKTeX\tex/latex/caption\subcaption.sty
Package: subcaption 2023/07/28 v1.6b Sub-captions (AR)
Package caption Info: New subtype `subfigure' on input line 238.
\c@subfigure=\count335
Package caption Info: New subtype `subtable' on input line 238.
\c@subtable=\count336
)
(C:\Users\Floris\AppData\Local\Programs\MiKTeX\tex/latex/biblatex\biblatex.sty
Package: biblatex 2025/07/10 v3.21 programmable bibliographies (PK/MW)

(C:\Users\Floris\AppData\Local\Programs\MiKTeX\tex/latex/logreq\logreq.sty
Package: logreq 2010/08/04 v1.0 xml request logger
\lrq@indent=\count337

(C:\Users\Floris\AppData\Local\Programs\MiKTeX\tex/latex/logreq\logreq.def
File: logreq.def 2010/08/04 v1.0 logreq spec v1.0
))
\c@tabx@nest=\count338
\c@listtotal=\count339
\c@listcount=\count340
\c@liststart=\count341
\c@liststop=\count342
\c@citecount=\count343
\c@citetotal=\count344
\c@multicitecount=\count345
\c@multicitetotal=\count346
\c@instcount=\count347
\c@maxnames=\count348
\c@minnames=\count349
\c@maxitems=\count350
\c@minitems=\count351
\c@citecounter=\count352
\c@maxcitecounter=\count353
\c@savedcitecounter=\count354
\c@uniquelist=\count355
\c@uniquename=\count356
\c@refsection=\count357
\c@refsegment=\count358
\c@maxextratitle=\count359
\c@maxextratitleyear=\count360
\c@maxextraname=\count361
\c@maxextradate=\count362
\c@maxextraalpha=\count363
\c@abbrvpenalty=\count364
\c@highnamepenalty=\count365
\c@lownamepenalty=\count366
\c@maxparens=\count367
\c@parenlevel=\count368
\blx@tempcnta=\count369
\blx@tempcntb=\count370
\blx@tempcntc=\count371
\c@blx@maxsection=\count372
\blx@maxsegment@0=\count373
\blx@notetype=\count374
\blx@parenlevel@text=\count375
\blx@parenlevel@foot=\count376
\blx@sectionciteorder@0=\count377
\blx@sectionciteorderinternal@0=\count378
\blx@entrysetcounter=\count379
\blx@biblioinstance=\count380
\labelnumberwidth=\skip112
\labelalphawidth=\skip113
\biblabelsep=\skip114
\bibitemsep=\skip115
\bibnamesep=\skip116
\bibinitsep=\skip117
\bibparsep=\skip118
\bibhang=\skip119
\blx@bcfin=\read4
\blx@bcfout=\write3
\blx@langwohyphens=\language80
\c@mincomprange=\count381
\c@maxcomprange=\count382
\c@mincompwidth=\count383
Package biblatex Info: Trying to load biblatex default data model...
Package biblatex Info: ... file 'blx-dm.def' found.

(C:\Users\Floris\AppData\Local\Programs\MiKTeX\tex/latex/biblatex\blx-dm.def
File: blx-dm.def 2025/07/10 v3.21 biblatex datamodel (PK/MW)
)
Package biblatex Info: Trying to load biblatex citestyle data model...
Package biblatex Info: ... file 'authoryear.dbx' not found.
Package biblatex Info: Trying to load biblatex custom data model...
Package biblatex Info: ... file 'biblatex-dm.cfg' not found.
\c@afterword=\count384
\c@savedafterword=\count385
\c@annotator=\count386
\c@savedannotator=\count387
\c@author=\count388
\c@savedauthor=\count389
\c@bookauthor=\count390
\c@savedbookauthor=\count391
\c@commentator=\count392
\c@savedcommentator=\count393
\c@editor=\count394
\c@savededitor=\count395
\c@editora=\count396
\c@savededitora=\count397
\c@editorb=\count398
\c@savededitorb=\count399
\c@editorc=\count400
\c@savededitorc=\count401
\c@foreword=\count402
\c@savedforeword=\count403
\c@holder=\count404
\c@savedholder=\count405
\c@introduction=\count406
\c@savedintroduction=\count407
\c@namea=\count408
\c@savednamea=\count409
\c@nameb=\count410
\c@savednameb=\count411
\c@namec=\count412
\c@savednamec=\count413
\c@translator=\count414
\c@savedtranslator=\count415
\c@shortauthor=\count416
\c@savedshortauthor=\count417
\c@shorteditor=\count418
\c@savedshorteditor=\count419
\c@labelname=\count420
\c@savedlabelname=\count421
\c@institution=\count422
\c@savedinstitution=\count423
\c@lista=\count424
\c@savedlista=\count425
\c@listb=\count426
\c@savedlistb=\count427
\c@listc=\count428
\c@savedlistc=\count429
\c@listd=\count430
\c@savedlistd=\count431
\c@liste=\count432
\c@savedliste=\count433
\c@listf=\count434
\c@savedlistf=\count435
\c@location=\count436
\c@savedlocation=\count437
\c@organization=\count438
\c@savedorganization=\count439
\c@origlocation=\count440
\c@savedoriglocation=\count441
\c@origpublisher=\count442
\c@savedorigpublisher=\count443
\c@publisher=\count444
\c@savedpublisher=\count445
\c@language=\count446
\c@savedlanguage=\count447
\c@origlanguage=\count448
\c@savedoriglanguage=\count449
\c@pageref=\count450
\c@savedpageref=\count451
\shorthandwidth=\skip120
\shortjournalwidth=\skip121
\shortserieswidth=\skip122
\shorttitlewidth=\skip123
\shortauthorwidth=\skip124
\shorteditorwidth=\skip125
\locallabelnumberwidth=\skip126
\locallabelalphawidth=\skip127
\localshorthandwidth=\skip128
\localshortjournalwidth=\skip129
\localshortserieswidth=\skip130
\localshorttitlewidth=\skip131
\localshortauthorwidth=\skip132
\localshorteditorwidth=\skip133
Package biblatex Info: Trying to load compatibility code...
Package biblatex Info: ... file 'blx-compat.def' found.

(C:\Users\Floris\AppData\Local\Programs\MiKTeX\tex/latex/biblatex\blx-compat.de
f
File: blx-compat.def 2025/07/10 v3.21 biblatex compatibility (PK/MW)
)
Package biblatex Info: Trying to load generic definitions...
Package biblatex Info: ... file 'biblatex.def' found.

(C:\Users\Floris\AppData\Local\Programs\MiKTeX\tex/latex/biblatex\biblatex.def
File: biblatex.def 2025/07/10 v3.21 biblatex compatibility (PK/MW)
\c@textcitecount=\count452
\c@textcitetotal=\count453
\c@textcitemaxnames=\count454
\c@biburlbigbreakpenalty=\count455
\c@biburlbreakpenalty=\count456
\c@biburlnumpenalty=\count457
\c@biburlucpenalty=\count458
\c@biburllcpenalty=\count459
\biburlbigskip=\muskip19
\biburlnumskip=\muskip20
\biburlucskip=\muskip21
\biburllcskip=\muskip22
\c@smartand=\count460
)
Package biblatex Info: Trying to load bibliography style 'authoryear'...
Package biblatex Info: ... file 'authoryear.bbx' found.

(C:\Users\Floris\AppData\Local\Programs\MiKTeX\tex/latex/biblatex/bbx\authoryea
r.bbx
File: authoryear.bbx 2025/07/10 v3.21 biblatex bibliography style (PK/MW)
Package biblatex Info: Trying to load bibliography style 'standard'...
Package biblatex Info: ... file 'standard.bbx' found.

(C:\Users\Floris\AppData\Local\Programs\MiKTeX\tex/latex/biblatex/bbx\standard.
bbx
File: standard.bbx 2025/07/10 v3.21 biblatex bibliography style (PK/MW)
\c@bbx:relatedcount=\count461
\c@bbx:relatedtotal=\count462
))
Package biblatex Info: Trying to load citation style 'authoryear'...
Package biblatex Info: ... file 'authoryear.cbx' found.

(C:\Users\Floris\AppData\Local\Programs\MiKTeX\tex/latex/biblatex/cbx\authoryea
r.cbx
File: authoryear.cbx 2025/07/10 v3.21 biblatex citation style (PK/MW)
Package biblatex Info: Redefining '\cite'.
Package biblatex Info: Redefining '\parencite'.
Package biblatex Info: Redefining '\footcite'.
Package biblatex Info: Redefining '\footcitetext'.
Package biblatex Info: Redefining '\smartcite'.
Package biblatex Info: Redefining '\textcite'.
Package biblatex Info: Redefining '\textcites'.
)
Package biblatex Info: Trying to load configuration file...
Package biblatex Info: ... file 'biblatex.cfg' found.

(C:\Users\Floris\AppData\Local\Programs\MiKTeX\tex/latex/biblatex\biblatex.cfg
File: biblatex.cfg 
)
Package biblatex Info: Input encoding 'utf8' detected.
Package biblatex Info: Document encoding is UTF8 ....
Package biblatex Info: ... and expl3
(biblatex)             2026-03-20 L3 programming layer (loader) 
(biblatex)             is new enough (at least 2020/04/06),
(biblatex)             setting 'casechanger=expl3'.

(C:\Users\Floris\AppData\Local\Programs\MiKTeX\tex/latex/biblatex\blx-case-expl
3.sty
Package: blx-case-expl3 2025/07/10 v3.21 expl3 case changing code for biblatex
))
Package biblatex Info: Redefining '\cite' on input line 247.
) (macros.tex
(C:\Users\Floris\AppData\Local\Programs\MiKTeX\tex/latex/pgf/frontendlayer\tikz
.sty
(C:\Users\Floris\AppData\Local\Programs\MiKTeX\tex/latex/pgf/basiclayer\pgf.sty

(C:\Users\Floris\AppData\Local\Programs\MiKTeX\tex/latex/pgf/utilities\pgfrcs.s
ty
(C:\Users\Floris\AppData\Local\Programs\MiKTeX\tex/generic/pgf/utilities\pgfuti
l-common.tex
\pgfutil@everybye=\toks43
\pgfutil@tempdima=\dimen184
\pgfutil@tempdimb=\dimen185
)
(C:\Users\Floris\AppData\Local\Programs\MiKTeX\tex/generic/pgf/utilities\pgfuti
l-latex.def
\pgfutil@abb=\box61
)
(C:\Users\Floris\AppData\Local\Programs\MiKTeX\tex/generic/pgf/utilities\pgfrcs
.code.tex
(C:\Users\Floris\AppData\Local\Programs\MiKTeX\tex/generic/pgf\pgf.revision.tex
)
Package: pgfrcs 2025-08-29 v3.1.11a (3.1.11a)
))
Package: pgf 2025-08-29 v3.1.11a (3.1.11a)

(C:\Users\Floris\AppData\Local\Programs\MiKTeX\tex/latex/pgf/basiclayer\pgfcore
.sty
(C:\Users\Floris\AppData\Local\Programs\MiKTeX\tex/latex/graphics\graphicx.sty
Package: graphicx 2024/12/31 v1.2e Enhanced LaTeX Graphics (DPC,SPQR)

(C:\Users\Floris\AppData\Local\Programs\MiKTeX\tex/latex/graphics\graphics.sty
Package: graphics 2024/08/06 v1.4g Standard LaTeX Graphics (DPC,SPQR)

(C:\Users\Floris\AppData\Local\Programs\MiKTeX\tex/latex/graphics\trig.sty
Package: trig 2023/12/02 v1.11 sin cos tan (DPC)
)
(C:\Users\Floris\AppData\Local\Programs\MiKTeX\tex/latex/graphics-cfg\graphics.
cfg
File: graphics.cfg 2016/06/04 v1.11 sample graphics configuration
)
Package graphics Info: Driver file: pdftex.def on input line 106.
)
\Gin@req@height=\dimen186
\Gin@req@width=\dimen187
)
(C:\Users\Floris\AppData\Local\Programs\MiKTeX\tex/latex/pgf/systemlayer\pgfsys
.sty
(C:\Users\Floris\AppData\Local\Programs\MiKTeX\tex/generic/pgf/systemlayer\pgfs
ys.code.tex
Package: pgfsys 2025-08-29 v3.1.11a (3.1.11a)

(C:\Users\Floris\AppData\Local\Programs\MiKTeX\tex/generic/pgf/utilities\pgfkey
s.code.tex
\pgfkeys@pathtoks=\toks44
\pgfkeys@temptoks=\toks45

(C:\Users\Floris\AppData\Local\Programs\MiKTeX\tex/generic/pgf/utilities\pgfkey
slibraryfiltered.code.tex
\pgfkeys@tmptoks=\toks46
))
\pgf@x=\dimen188
\pgf@y=\dimen189
\pgf@xa=\dimen190
\pgf@ya=\dimen191
\pgf@xb=\dimen192
\pgf@yb=\dimen193
\pgf@xc=\dimen194
\pgf@yc=\dimen195
\pgf@xd=\dimen196
\pgf@yd=\dimen197
\w@pgf@writea=\write4
\r@pgf@reada=\read5
\c@pgf@counta=\count463
\c@pgf@countb=\count464
\c@pgf@countc=\count465
\c@pgf@countd=\count466
\t@pgf@toka=\toks47
\t@pgf@tokb=\toks48
\t@pgf@tokc=\toks49
\pgf@sys@id@count=\count467

(C:\Users\Floris\AppData\Local\Programs\MiKTeX\tex/generic/pgf/systemlayer\pgf.
cfg
File: pgf.cfg 2025-08-29 v3.1.11a (3.1.11a)
)
Driver file for pgf: pgfsys-pdftex.def

(C:\Users\Floris\AppData\Local\Programs\MiKTeX\tex/generic/pgf/systemlayer\pgfs
ys-pdftex.def
File: pgfsys-pdftex.def 2025-08-29 v3.1.11a (3.1.11a)

(C:\Users\Floris\AppData\Local\Programs\MiKTeX\tex/generic/pgf/systemlayer\pgfs
ys-common-pdf.def
File: pgfsys-common-pdf.def 2025-08-29 v3.1.11a (3.1.11a)
)))
(C:\Users\Floris\AppData\Local\Programs\MiKTeX\tex/generic/pgf/systemlayer\pgfs
yssoftpath.code.tex
File: pgfsyssoftpath.code.tex 2025-08-29 v3.1.11a (3.1.11a)
\pgfsyssoftpath@smallbuffer@items=\count468
\pgfsyssoftpath@bigbuffer@items=\count469
)
(C:\Users\Floris\AppData\Local\Programs\MiKTeX\tex/generic/pgf/systemlayer\pgfs
ysprotocol.code.tex
File: pgfsysprotocol.code.tex 2025-08-29 v3.1.11a (3.1.11a)
))
(C:\Users\Floris\AppData\Local\Programs\MiKTeX\tex/generic/pgf/basiclayer\pgfco
re.code.tex
Package: pgfcore 2025-08-29 v3.1.11a (3.1.11a)

(C:\Users\Floris\AppData\Local\Programs\MiKTeX\tex/generic/pgf/math\pgfmath.cod
e.tex
(C:\Users\Floris\AppData\Local\Programs\MiKTeX\tex/generic/pgf/math\pgfmathutil
.code.tex)
(C:\Users\Floris\AppData\Local\Programs\MiKTeX\tex/generic/pgf/math\pgfmathpars
er.code.tex
\pgfmath@dimen=\dimen198
\pgfmath@count=\count470
\pgfmath@box=\box62
\pgfmath@toks=\toks50
\pgfmath@stack@operand=\toks51
\pgfmath@stack@operation=\toks52
)
(C:\Users\Floris\AppData\Local\Programs\MiKTeX\tex/generic/pgf/math\pgfmathfunc
tions.code.tex)
(C:\Users\Floris\AppData\Local\Programs\MiKTeX\tex/generic/pgf/math\pgfmathfunc
tions.basic.code.tex)
(C:\Users\Floris\AppData\Local\Programs\MiKTeX\tex/generic/pgf/math\pgfmathfunc
tions.trigonometric.code.tex)
(C:\Users\Floris\AppData\Local\Programs\MiKTeX\tex/generic/pgf/math\pgfmathfunc
tions.random.code.tex)
(C:\Users\Floris\AppData\Local\Programs\MiKTeX\tex/generic/pgf/math\pgfmathfunc
tions.comparison.code.tex)
(C:\Users\Floris\AppData\Local\Programs\MiKTeX\tex/generic/pgf/math\pgfmathfunc
tions.base.code.tex)
(C:\Users\Floris\AppData\Local\Programs\MiKTeX\tex/generic/pgf/math\pgfmathfunc
tions.round.code.tex)
(C:\Users\Floris\AppData\Local\Programs\MiKTeX\tex/generic/pgf/math\pgfmathfunc
tions.misc.code.tex)
(C:\Users\Floris\AppData\Local\Programs\MiKTeX\tex/generic/pgf/math\pgfmathfunc
tions.integerarithmetics.code.tex)
(C:\Users\Floris\AppData\Local\Programs\MiKTeX\tex/generic/pgf/math\pgfmathcalc
.code.tex)
(C:\Users\Floris\AppData\Local\Programs\MiKTeX\tex/generic/pgf/math\pgfmathfloa
t.code.tex
\c@pgfmathroundto@lastzeros=\count471
))
(C:\Users\Floris\AppData\Local\Programs\MiKTeX\tex/generic/pgf/math\pgfint.code
.tex)
(C:\Users\Floris\AppData\Local\Programs\MiKTeX\tex/generic/pgf/basiclayer\pgfco
repoints.code.tex
File: pgfcorepoints.code.tex 2025-08-29 v3.1.11a (3.1.11a)
\pgf@picminx=\dimen199
\pgf@picmaxx=\dimen256
\pgf@picminy=\dimen257
\pgf@picmaxy=\dimen258
\pgf@pathminx=\dimen259
\pgf@pathmaxx=\dimen260
\pgf@pathminy=\dimen261
\pgf@pathmaxy=\dimen262
\pgf@xx=\dimen263
\pgf@xy=\dimen264
\pgf@yx=\dimen265
\pgf@yy=\dimen266
\pgf@zx=\dimen267
\pgf@zy=\dimen268
)
(C:\Users\Floris\AppData\Local\Programs\MiKTeX\tex/generic/pgf/basiclayer\pgfco
repathconstruct.code.tex
File: pgfcorepathconstruct.code.tex 2025-08-29 v3.1.11a (3.1.11a)
\pgf@path@lastx=\dimen269
\pgf@path@lasty=\dimen270
)
(C:\Users\Floris\AppData\Local\Programs\MiKTeX\tex/generic/pgf/basiclayer\pgfco
repathusage.code.tex
File: pgfcorepathusage.code.tex 2025-08-29 v3.1.11a (3.1.11a)
\pgf@shorten@end@additional=\dimen271
\pgf@shorten@start@additional=\dimen272
)
(C:\Users\Floris\AppData\Local\Programs\MiKTeX\tex/generic/pgf/basiclayer\pgfco
rescopes.code.tex
File: pgfcorescopes.code.tex 2025-08-29 v3.1.11a (3.1.11a)
\pgfpic=\box63
\pgf@hbox=\box64
\pgf@layerbox@main=\box65
\pgf@picture@serial@count=\count472
)
(C:\Users\Floris\AppData\Local\Programs\MiKTeX\tex/generic/pgf/basiclayer\pgfco
regraphicstate.code.tex
File: pgfcoregraphicstate.code.tex 2025-08-29 v3.1.11a (3.1.11a)
\pgflinewidth=\dimen273
)
(C:\Users\Floris\AppData\Local\Programs\MiKTeX\tex/generic/pgf/basiclayer\pgfco
retransformations.code.tex
File: pgfcoretransformations.code.tex 2025-08-29 v3.1.11a (3.1.11a)
\pgf@pt@x=\dimen274
\pgf@pt@y=\dimen275
\pgf@pt@temp=\dimen276
)
(C:\Users\Floris\AppData\Local\Programs\MiKTeX\tex/generic/pgf/basiclayer\pgfco
requick.code.tex
File: pgfcorequick.code.tex 2025-08-29 v3.1.11a (3.1.11a)
)
(C:\Users\Floris\AppData\Local\Programs\MiKTeX\tex/generic/pgf/basiclayer\pgfco
reobjects.code.tex
File: pgfcoreobjects.code.tex 2025-08-29 v3.1.11a (3.1.11a)
)
(C:\Users\Floris\AppData\Local\Programs\MiKTeX\tex/generic/pgf/basiclayer\pgfco
repathprocessing.code.tex
File: pgfcorepathprocessing.code.tex 2025-08-29 v3.1.11a (3.1.11a)
)
(C:\Users\Floris\AppData\Local\Programs\MiKTeX\tex/generic/pgf/basiclayer\pgfco
rearrows.code.tex
File: pgfcorearrows.code.tex 2025-08-29 v3.1.11a (3.1.11a)
\pgfarrowsep=\dimen277
)
(C:\Users\Floris\AppData\Local\Programs\MiKTeX\tex/generic/pgf/basiclayer\pgfco
reshade.code.tex
File: pgfcoreshade.code.tex 2025-08-29 v3.1.11a (3.1.11a)
\pgf@max=\dimen278
\pgf@sys@shading@range@num=\count473
\pgf@shadingcount=\count474
)
(C:\Users\Floris\AppData\Local\Programs\MiKTeX\tex/generic/pgf/basiclayer\pgfco
reimage.code.tex
File: pgfcoreimage.code.tex 2025-08-29 v3.1.11a (3.1.11a)
)
(C:\Users\Floris\AppData\Local\Programs\MiKTeX\tex/generic/pgf/basiclayer\pgfco
reexternal.code.tex
File: pgfcoreexternal.code.tex 2025-08-29 v3.1.11a (3.1.11a)
\pgfexternal@startupbox=\box66
)
(C:\Users\Floris\AppData\Local\Programs\MiKTeX\tex/generic/pgf/basiclayer\pgfco
relayers.code.tex
File: pgfcorelayers.code.tex 2025-08-29 v3.1.11a (3.1.11a)
)
(C:\Users\Floris\AppData\Local\Programs\MiKTeX\tex/generic/pgf/basiclayer\pgfco
retransparency.code.tex
File: pgfcoretransparency.code.tex 2025-08-29 v3.1.11a (3.1.11a)
)
(C:\Users\Floris\AppData\Local\Programs\MiKTeX\tex/generic/pgf/basiclayer\pgfco
repatterns.code.tex
File: pgfcorepatterns.code.tex 2025-08-29 v3.1.11a (3.1.11a)
)
(C:\Users\Floris\AppData\Local\Programs\MiKTeX\tex/generic/pgf/basiclayer\pgfco
rerdf.code.tex
File: pgfcorerdf.code.tex 2025-08-29 v3.1.11a (3.1.11a)
)))
(C:\Users\Floris\AppData\Local\Programs\MiKTeX\tex/generic/pgf/modules\pgfmodul
eshapes.code.tex
File: pgfmoduleshapes.code.tex 2025-08-29 v3.1.11a (3.1.11a)
\pgfnodeparttextbox=\box67
)
(C:\Users\Floris\AppData\Local\Programs\MiKTeX\tex/generic/pgf/modules\pgfmodul
eplot.code.tex
File: pgfmoduleplot.code.tex 2025-08-29 v3.1.11a (3.1.11a)
)
(C:\Users\Floris\AppData\Local\Programs\MiKTeX\tex/latex/pgf/compatibility\pgfc
omp-version-0-65.sty
Package: pgfcomp-version-0-65 2025-08-29 v3.1.11a (3.1.11a)
\pgf@nodesepstart=\dimen279
\pgf@nodesepend=\dimen280
)
(C:\Users\Floris\AppData\Local\Programs\MiKTeX\tex/latex/pgf/compatibility\pgfc
omp-version-1-18.sty
Package: pgfcomp-version-1-18 2025-08-29 v3.1.11a (3.1.11a)
))
(C:\Users\Floris\AppData\Local\Programs\MiKTeX\tex/latex/pgf/utilities\pgffor.s
ty
(C:\Users\Floris\AppData\Local\Programs\MiKTeX\tex/latex/pgf/utilities\pgfkeys.
sty
(C:\Users\Floris\AppData\Local\Programs\MiKTeX\tex/generic/pgf/utilities\pgfkey
s.code.tex))
(C:\Users\Floris\AppData\Local\Programs\MiKTeX\tex/latex/pgf/math\pgfmath.sty
(C:\Users\Floris\AppData\Local\Programs\MiKTeX\tex/generic/pgf/math\pgfmath.cod
e.tex))
(C:\Users\Floris\AppData\Local\Programs\MiKTeX\tex/generic/pgf/utilities\pgffor
.code.tex
Package: pgffor 2025-08-29 v3.1.11a (3.1.11a)
\pgffor@iter=\dimen281
\pgffor@skip=\dimen282
\pgffor@stack=\toks53
\pgffor@toks=\toks54
))
(C:\Users\Floris\AppData\Local\Programs\MiKTeX\tex/generic/pgf/frontendlayer/ti
kz\tikz.code.tex
Package: tikz 2025-08-29 v3.1.11a (3.1.11a)

(C:\Users\Floris\AppData\Local\Programs\MiKTeX\tex/generic/pgf/libraries\pgflib
raryplothandlers.code.tex
File: pgflibraryplothandlers.code.tex 2025-08-29 v3.1.11a (3.1.11a)
\pgf@plot@mark@count=\count475
\pgfplotmarksize=\dimen283
)
\tikz@lastx=\dimen284
\tikz@lasty=\dimen285
\tikz@lastxsaved=\dimen286
\tikz@lastysaved=\dimen287
\tikz@lastmovetox=\dimen288
\tikz@lastmovetoy=\dimen289
\tikzleveldistance=\dimen290
\tikzsiblingdistance=\dimen291
\tikz@figbox=\box68
\tikz@figbox@bg=\box69
\tikz@tempbox=\box70
\tikz@tempbox@bg=\box71
\tikztreelevel=\count476
\tikznumberofchildren=\count477
\tikznumberofcurrentchild=\count478
\tikz@fig@count=\count479

(C:\Users\Floris\AppData\Local\Programs\MiKTeX\tex/generic/pgf/modules\pgfmodul
ematrix.code.tex
File: pgfmodulematrix.code.tex 2025-08-29 v3.1.11a (3.1.11a)
\pgfmatrixcurrentrow=\count480
\pgfmatrixcurrentcolumn=\count481
\pgf@matrix@numberofcolumns=\count482
)
\tikz@expandcount=\count483

(C:\Users\Floris\AppData\Local\Programs\MiKTeX\tex/generic/pgf/frontendlayer/ti
kz/libraries\tikzlibrarytopaths.code.tex
File: tikzlibrarytopaths.code.tex 2025-08-29 v3.1.11a (3.1.11a)
)))
(C:\Users\Floris\AppData\Local\Programs\MiKTeX\tex/latex/pgfplots\pgfplots.sty
(C:\Users\Floris\AppData\Local\Programs\MiKTeX\tex/generic/pgfplots\pgfplots.re
vision.tex)
Package: pgfplots 2021/05/15 v1.18.1 Data Visualization (1.18.1)

(C:\Users\Floris\AppData\Local\Programs\MiKTeX\tex/generic/pgfplots\pgfplots.co
de.tex
(C:\Users\Floris\AppData\Local\Programs\MiKTeX\tex/generic/pgfplots\pgfplotscor
e.code.tex
\t@pgfplots@toka=\toks55
\t@pgfplots@tokb=\toks56
\t@pgfplots@tokc=\toks57
\pgfplots@tmpa=\dimen292
\c@pgfplots@coordindex=\count484
\c@pgfplots@scanlineindex=\count485

(C:\Users\Floris\AppData\Local\Programs\MiKTeX\tex/generic/pgfplots/sys\pgfplot
ssysgeneric.code.tex))
(C:\Users\Floris\AppData\Local\Programs\MiKTeX\tex/generic/pgfplots/libs\pgfplo
tslibrary.code.tex)
(C:\Users\Floris\AppData\Local\Programs\MiKTeX\tex/generic/pgfplots/oldpgfcompa
tib\pgfplotsoldpgfsupp_loader.code.tex
(C:\Users\Floris\AppData\Local\Programs\MiKTeX\tex/generic/pgf/libraries\pgflib
raryfpu.code.tex)
Package pgfplots: loading complementary utilities for your pgf version...
\t@pgf@toka=\toks58
\t@pgf@tokb=\toks59
\t@pgf@tokc=\toks60

(C:\Users\Floris\AppData\Local\Programs\MiKTeX\tex/generic/pgfplots/oldpgfcompa
tib\pgfplotsoldpgfsupp_pgfutil-common-lists.tex))
(C:\Users\Floris\AppData\Local\Programs\MiKTeX\tex/generic/pgfplots/util\pgfplo
tsutil.code.tex
(C:\Users\Floris\AppData\Local\Programs\MiKTeX\tex/generic/pgfplots/liststructu
re\pgfplotsliststructure.code.tex)
(C:\Users\Floris\AppData\Local\Programs\MiKTeX\tex/generic/pgfplots/liststructu
re\pgfplotsliststructureext.code.tex)
(C:\Users\Floris\AppData\Local\Programs\MiKTeX\tex/generic/pgfplots/liststructu
re\pgfplotsarray.code.tex
\c@pgfplotsarray@tmp=\count486
)
(C:\Users\Floris\AppData\Local\Programs\MiKTeX\tex/generic/pgfplots/liststructu
re\pgfplotsmatrix.code.tex)
(C:\Users\Floris\AppData\Local\Programs\MiKTeX\tex/generic/pgfplots/numtable\pg
fplotstableshared.code.tex
\c@pgfplotstable@counta=\count487
\t@pgfplotstable@a=\toks61
)
(C:\Users\Floris\AppData\Local\Programs\MiKTeX\tex/generic/pgfplots/liststructu
re\pgfplotsdeque.code.tex)
(C:\Users\Floris\AppData\Local\Programs\MiKTeX\tex/generic/pgfplots/util\pgfplo
tsbinary.code.tex
(C:\Users\Floris\AppData\Local\Programs\MiKTeX\tex/generic/pgfplots/util\pgfplo
tsbinary.data.code.tex))
(C:\Users\Floris\AppData\Local\Programs\MiKTeX\tex/generic/pgfplots/util\pgfplo
tsutil.verb.code.tex)
(C:\Users\Floris\AppData\Local\Programs\MiKTeX\tex/generic/pgfplots/libs\pgflib
rarypgfplots.surfshading.code.tex
\c@pgfplotslibrarysurf@no=\count488

(C:\Users\Floris\AppData\Local\Programs\MiKTeX\tex/generic/pgfplots/sys\pgflibr
arypgfplots.surfshading.pgfsys-pdftex.def)))
(C:\Users\Floris\AppData\Local\Programs\MiKTeX\tex/generic/pgfplots/util\pgfplo
tscolormap.code.tex
(C:\Users\Floris\AppData\Local\Programs\MiKTeX\tex/generic/pgfplots/util\pgfplo
tscolor.code.tex))
(C:\Users\Floris\AppData\Local\Programs\MiKTeX\tex/generic/pgfplots\pgfplotssta
ckedplots.code.tex)
(C:\Users\Floris\AppData\Local\Programs\MiKTeX\tex/generic/pgfplots\pgfplotsplo
thandlers.code.tex
(C:\Users\Floris\AppData\Local\Programs\MiKTeX\tex/generic/pgfplots\pgfplotsmes
hplothandler.code.tex
(C:\Users\Floris\AppData\Local\Programs\MiKTeX\tex/generic/pgfplots\pgfplotsmes
hplotimage.code.tex)))
(C:\Users\Floris\AppData\Local\Programs\MiKTeX\tex/generic/pgfplots\pgfplots.sc
aling.code.tex)
(C:\Users\Floris\AppData\Local\Programs\MiKTeX\tex/generic/pgfplots\pgfplotscoo
rdprocessing.code.tex)
(C:\Users\Floris\AppData\Local\Programs\MiKTeX\tex/generic/pgfplots\pgfplots.er
rorbars.code.tex)
(C:\Users\Floris\AppData\Local\Programs\MiKTeX\tex/generic/pgfplots\pgfplots.ma
rkers.code.tex)
(C:\Users\Floris\AppData\Local\Programs\MiKTeX\tex/generic/pgfplots\pgfplotstic
ks.code.tex)
(C:\Users\Floris\AppData\Local\Programs\MiKTeX\tex/generic/pgfplots\pgfplots.pa
ths.code.tex)
(C:\Users\Floris\AppData\Local\Programs\MiKTeX\tex/generic/pgf/frontendlayer/ti
kz/libraries\tikzlibrarydecorations.code.tex
(C:\Users\Floris\AppData\Local\Programs\MiKTeX\tex/generic/pgf/modules\pgfmodul
edecorations.code.tex
\pgfdecoratedcompleteddistance=\dimen293
\pgfdecoratedremainingdistance=\dimen294
\pgfdecoratedinputsegmentcompleteddistance=\dimen295
\pgfdecoratedinputsegmentremainingdistance=\dimen296
\pgf@decorate@distancetomove=\dimen297
\pgf@decorate@repeatstate=\count489
\pgfdecorationsegmentamplitude=\dimen298
\pgfdecorationsegmentlength=\dimen299
)
\tikz@lib@dec@box=\box72
)
(C:\Users\Floris\AppData\Local\Programs\MiKTeX\tex/generic/pgf/frontendlayer/ti
kz/libraries\tikzlibrarydecorations.pathmorphing.code.tex
(C:\Users\Floris\AppData\Local\Programs\MiKTeX\tex/generic/pgf/libraries/decora
tions\pgflibrarydecorations.pathmorphing.code.tex))
(C:\Users\Floris\AppData\Local\Programs\MiKTeX\tex/generic/pgf/frontendlayer/ti
kz/libraries\tikzlibrarydecorations.pathreplacing.code.tex
(C:\Users\Floris\AppData\Local\Programs\MiKTeX\tex/generic/pgf/libraries/decora
tions\pgflibrarydecorations.pathreplacing.code.tex))
(C:\Users\Floris\AppData\Local\Programs\MiKTeX\tex/generic/pgfplots/libs\tikzli
brarypgfplots.contourlua.code.tex)
\pgfplots@numplots=\count490
\pgfplots@xmin@reg=\dimen300
\pgfplots@xmax@reg=\dimen301
\pgfplots@ymin@reg=\dimen302
\pgfplots@ymax@reg=\dimen303
\pgfplots@zmin@reg=\dimen304
\pgfplots@zmax@reg=\dimen305
)
(C:\Users\Floris\AppData\Local\Programs\MiKTeX\tex/generic/pgf/frontendlayer/ti
kz/libraries\tikzlibraryplotmarks.code.tex
File: tikzlibraryplotmarks.code.tex 2025-08-29 v3.1.11a (3.1.11a)

(C:\Users\Floris\AppData\Local\Programs\MiKTeX\tex/generic/pgf/libraries\pgflib
raryplotmarks.code.tex
File: pgflibraryplotmarks.code.tex 2025-08-29 v3.1.11a (3.1.11a)
)))
(C:\Users\Floris\AppData\Local\Programs\MiKTeX\tex/generic/pgfplots/libs\tikzli
brarypgfplots.groupplots.code.tex
\pgfplots@group@current@plot=\count491
\pgfplots@group@current@row=\count492
\pgfplots@group@current@column=\count493

(C:\Users\Floris\AppData\Local\Programs\MiKTeX\tex/generic/pgf/frontendlayer/ti
kz/libraries\tikzlibrarycalc.code.tex
File: tikzlibrarycalc.code.tex 2025-08-29 v3.1.11a (3.1.11a)
))
(C:\Users\Floris\AppData\Local\Programs\MiKTeX\tex/generic/pgf/frontendlayer/ti
kz/libraries\tikzlibraryintersections.code.tex
(C:\Users\Floris\AppData\Local\Programs\MiKTeX\tex/generic/pgf/libraries\pgflib
raryintersections.code.tex
\pgf@intersect@solutions=\count494
))
(C:\Users\Floris\AppData\Local\Programs\MiKTeX\tex/generic/pgf/libraries\pgflib
raryarrows.meta.code.tex
File: pgflibraryarrows.meta.code.tex 2025-08-29 v3.1.11a (3.1.11a)
\pgfarrowinset=\dimen306
\pgfarrowlength=\dimen307
\pgfarrowwidth=\dimen308
\pgfarrowlinewidth=\dimen309
)
(C:\Users\Floris\AppData\Local\Programs\MiKTeX\tex/generic/pgf/frontendlayer/ti
kz/libraries\tikzlibrarydecorations.markings.code.tex
(C:\Users\Floris\AppData\Local\Programs\MiKTeX\tex/generic/pgf/libraries/decora
tions\pgflibrarydecorations.markings.code.tex))
(C:\Users\Floris\AppData\Local\Programs\MiKTeX\tex/latex/glossaries-extra\gloss
aries-extra.sty
Package: glossaries-extra 2026/04/21 v2.1 (NLCT)

(C:\Users\Floris\AppData\Local\Programs\MiKTeX\tex/latex/glossaries/base\glossa
ries.sty
Package: glossaries 2026/04/21 v5.1 (NLCT)

(C:\Users\Floris\AppData\Local\Programs\MiKTeX\tex/latex/mfirstuc\mfirstuc.sty
Package: mfirstuc 2025/04/03 v2.09 (NLCT)
\@glsmfirst=\toks62
\@glsmrest=\toks63
) (C:\Users\Floris\AppData\Local\Programs\MiKTeX\tex/latex/xfor\xfor.sty
Package: xfor 2009/02/05 v1.05 (NLCT)
)
(C:\Users\Floris\AppData\Local\Programs\MiKTeX\tex/latex/tracklang\tracklang.st
y
Package: tracklang 2026/05/24 v1.6.8 (NLCT) Track Languages

(C:\Users\Floris\AppData\Local\Programs\MiKTeX\tex/generic/tracklang\tracklang.
tex)
Package tracklang Info: Tracking dialect `english' (language `english') on inpu
t line 52.
)
(C:\Users\Floris\AppData\Local\Programs\MiKTeX\tex/latex/glossaries-english\glo
ssaries-english.ldf
File: glossaries-english.ldf 2014/11/23 v1.0
)
(C:\Users\Floris\AppData\Local\Programs\MiKTeX\tex/latex/datatool\datatool-base
.sty
Package: datatool-base 2026/07/31 v3.4.4 (NLCT)
\l__datatool_tmpa_int=\count495
\l__datatool_tmpb_int=\count496
\l__datatool_tmpc_int=\count497
\l__datatool_tmpd_int=\count498
\l__datatool_count_int=\count499
\l__datatool_tmp_datatype_int=\count500
\l__datatool_tmpa_dim=\dimen310
\l__datatool_tmpb_dim=\dimen311

(C:\Users\Floris\AppData\Local\Programs\MiKTeX\tex/latex/datatool\datatool-l3fp
.def
File: datatool-l3fp.def 2026/07/31 v3.4.4 (NLCT)
)
\@dtl@toks=\toks64
\@dtl@tmpcount=\count501
\dtl@tmplength=\skip134
\l__datatool_measure_box=\box73
\dtl@sortresult=\count502

(C:\Users\Floris\AppData\Local\Programs\MiKTeX\tex/latex/datatool\datatool-utf8
.ldf
File: datatool-utf8.ldf 2026/07/31 v3.4.4 (NLCT)
)
\@dtl@datatype=\count503
\c_datatool_unknown_int=\count504
\l__datatool_year_int=\count505
\l__datatool_month_int=\count506
\l__datatool_day_int=\count507
\l__datatool_hour_int=\count508
\l__datatool_minute_int=\count509
\l__datatool_second_int=\count510
\l__datatool_tzhour_int=\count511
\l__datatool_tzminute_int=\count512
\l__datatool_julian_int=\count513
\l__datatool_local_julian_int=\count514
\l__datatool_prefix_int=\count515
\l__datatool_suffix_int=\count516
\@dtl@foreach@level=\count517


Package tracklang Warning: No `datatool' support for dialect `english'  on inpu
t line 9924.

\dtl@codeA=\count518
\dtl@codeB=\count519
)
\gls@level=\count520
\@gls@tmpb=\toks65
\gls@tmplen=\skip135
\l__glossaries_tmpa_dim=\dimen312
\l__glossaries_tmpb_dim=\dimen313
\glskeylisttok=\toks66
\glslabeltok=\toks67
\glsshorttok=\toks68
\glslongtok=\toks69

(C:\Users\Floris\AppData\Local\Programs\MiKTeX\tex/latex/glossaries/styles\glos
sary-hypernav.sty
Package: glossary-hypernav 2026/04/21 v5.1 (NLCT)
)
(C:\Users\Floris\AppData\Local\Programs\MiKTeX\tex/latex/glossaries/styles\glos
sary-list.sty
Package: glossary-list 2026/04/21 v5.1 (NLCT)
\glslistdottedwidth=\skip136
)
(C:\Users\Floris\AppData\Local\Programs\MiKTeX\tex/latex/glossaries/styles\glos
sary-long.sty
Package: glossary-long 2026/04/21 v5.1 (NLCT)

(C:\Users\Floris\AppData\Local\Programs\MiKTeX\tex/latex/tools\longtable.sty
Package: longtable 2025-10-13 v4.24 Multi-page Table package (DPC)
\LTleft=\skip137
\LTright=\skip138
\LTpre=\skip139
\LTpost=\skip140
\LTchunksize=\count521
\LTcapwidth=\dimen314
\LT@head=\box74
\LT@firsthead=\box75
\LT@foot=\box76
\LT@lastfoot=\box77
\LT@gbox=\box78
\LT@cols=\count522
\LT@rows=\count523
\c@LT@tables=\count524
\c@LT@chunks=\count525
\LT@p@ftn=\toks70
)
Class scrbook Info: longtable captions redefined on input line 47.
\glsdescwidth=\skip141
\glspagelistwidth=\skip142
)
(C:\Users\Floris\AppData\Local\Programs\MiKTeX\tex/latex/glossaries/styles\glos
sary-super.sty
Package: glossary-super 2026/04/21 v5.1 (NLCT)

(C:\Users\Floris\AppData\Local\Programs\MiKTeX\tex/latex/supertabular\supertabu
lar.sty
Package: supertabular 2025/06/26 v4.2d the supertabular environment
\c@tracingst=\count526
\ST@wd=\dimen315
\ST@rightskip=\skip143
\ST@leftskip=\skip144
\ST@parfillskip=\skip145
\ST@pageleft=\dimen316
\ST@headht=\dimen317
\ST@tailht=\dimen318
\ST@pagesofar=\dimen319
\ST@pboxht=\dimen320
\ST@rowht=\dimen321
\ST@prevht=\dimen322
\ST@toadd=\dimen323
\ST@dimen=\dimen324
\ST@pbox=\box79
))
(C:\Users\Floris\AppData\Local\Programs\MiKTeX\tex/latex/glossaries/styles\glos
sary-tree.sty
Package: glossary-tree 2026/04/21 v5.1 (NLCT)
\l__glossaries_tree_max_known_level_int=\count527
\l__glossaries_tree_offset_dim=\dimen325
\l__glossaries_tree_namewidth_dim=\dimen326
\l__glossaries_tree_symbolwidth_dim=\dimen327
\l__glossaries_tree_prenamesym_width_dim=\dimen328
\l__glossaries_tree_presubnamesym_width_dim=\dimen329
\l__glossaries_tree_namewidth_padding_dim=\dimen330
\l__glossaries_tree_symbolwidth_padding_dim=\dimen331
\l__glossaries_tree_namesymbolwidth_dim=\dimen332
\l__glossaries_tree_namesymbolwidth_padding_dim=\dimen333
\l__glossaries_tree_level_int=\count528
\glstreeindent=\skip146
))
\@glsxtr@leveloffset=\count529
\glsxtrresourcecount=\count530
\@glsxtrnewgls@inner=\count531
\glsshortpltok=\toks71
\glslongpltok=\toks72

(C:\Users\Floris\AppData\Local\Programs\MiKTeX\tex/latex/glossaries-extra\gloss
aries-extra-abbrstyles.def
File: glossaries-extra-abbrstyles.def 2026/04/21 v2.1 (NLCT)
)
\mglselementindex=\count532
)
\c@theorem=\count533

(C:\Users\Floris\AppData\Local\Programs\MiKTeX\tex/latex/tools\enumerate.sty
Package: enumerate 2023/07/04 v3.00 enumerate extensions (DPC)
\@enLab=\toks73
)
(C:\Users\Floris\AppData\Local\Programs\MiKTeX\tex/latex/mdframed\mdframed.sty
Package: mdframed 2013/07/01 1.9b: mdframed

(C:\Users\Floris\AppData\Local\Programs\MiKTeX\tex/latex/zref\zref-abspage.sty
Package: zref-abspage 2026-03-07 v2.37 Module abspage for zref (HO)

(C:\Users\Floris\AppData\Local\Programs\MiKTeX\tex/latex/zref\zref-base.sty
Package: zref-base 2026-03-07 v2.37 Module base for zref (HO)

(C:\Users\Floris\AppData\Local\Programs\MiKTeX\tex/generic/etexcmds\etexcmds.st
y
Package: etexcmds 2019/12/15 v1.7 Avoid name clashes with e-TeX commands (HO)
) (C:\Users\Floris\AppData\Local\Programs\MiKTeX\tex/latex/auxhook\auxhook.sty
Package: auxhook 2019-12-17 v1.6 Hooks for auxiliary files (HO)
)
Package zref Info: New property list: main on input line 767.
Package zref Info: New property: default on input line 768.
Package zref Info: New property: page on input line 769.
)
\c@abspage=\count534
Package zref Info: New property: abspage on input line 67.
)
(C:\Users\Floris\AppData\Local\Programs\MiKTeX\tex/latex/needspace\needspace.st
y
Package: needspace 2025/03/13 v1.3e reserve vertical space
)
\mdf@templength=\skip147
\c@mdf@globalstyle@cnt=\count535
\mdf@skipabove@length=\skip148
\mdf@skipbelow@length=\skip149
\mdf@leftmargin@length=\skip150
\mdf@rightmargin@length=\skip151
\mdf@innerleftmargin@length=\skip152
\mdf@innerrightmargin@length=\skip153
\mdf@innertopmargin@length=\skip154
\mdf@innerbottommargin@length=\skip155
\mdf@splittopskip@length=\skip156
\mdf@splitbottomskip@length=\skip157
\mdf@outermargin@length=\skip158
\mdf@innermargin@length=\skip159
\mdf@linewidth@length=\skip160
\mdf@innerlinewidth@length=\skip161
\mdf@middlelinewidth@length=\skip162
\mdf@outerlinewidth@length=\skip163
\mdf@roundcorner@length=\skip164
\mdf@footenotedistance@length=\skip165
\mdf@userdefinedwidth@length=\skip166
\mdf@needspace@length=\skip167
\mdf@frametitleaboveskip@length=\skip168
\mdf@frametitlebelowskip@length=\skip169
\mdf@frametitlerulewidth@length=\skip170
\mdf@frametitleleftmargin@length=\skip171
\mdf@frametitlerightmargin@length=\skip172
\mdf@shadowsize@length=\skip173
\mdf@extratopheight@length=\skip174
\mdf@subtitleabovelinewidth@length=\skip175
\mdf@subtitlebelowlinewidth@length=\skip176
\mdf@subtitleaboveskip@length=\skip177
\mdf@subtitlebelowskip@length=\skip178
\mdf@subtitleinneraboveskip@length=\skip179
\mdf@subtitleinnerbelowskip@length=\skip180
\mdf@subsubtitleabovelinewidth@length=\skip181
\mdf@subsubtitlebelowlinewidth@length=\skip182
\mdf@subsubtitleaboveskip@length=\skip183
\mdf@subsubtitlebelowskip@length=\skip184
\mdf@subsubtitleinneraboveskip@length=\skip185
\mdf@subsubtitleinnerbelowskip@length=\skip186

(C:\Users\Floris\AppData\Local\Programs\MiKTeX\tex/latex/mdframed\md-frame-0.md
f
File: md-frame-0.mdf 2013/07/01\ 1.9b: md-frame-0
)
\mdf@frametitlebox=\box80
\mdf@footnotebox=\box81
\mdf@splitbox@one=\box82
\mdf@splitbox@two=\box83
\mdf@splitbox@save=\box84
\mdfsplitboxwidth=\skip187
\mdfsplitboxtotalwidth=\skip188
\mdfsplitboxheight=\skip189
\mdfsplitboxdepth=\skip190
\mdfsplitboxtotalheight=\skip191
\mdfframetitleboxwidth=\skip192
\mdfframetitleboxtotalwidth=\skip193
\mdfframetitleboxheight=\skip194
\mdfframetitleboxdepth=\skip195
\mdfframetitleboxtotalheight=\skip196
\mdffootnoteboxwidth=\skip197
\mdffootnoteboxtotalwidth=\skip198
\mdffootnoteboxheight=\skip199
\mdffootnoteboxdepth=\skip256
\mdffootnoteboxtotalheight=\skip257
\mdftotallinewidth=\skip258
\mdfboundingboxwidth=\skip259
\mdfboundingboxtotalwidth=\skip260
\mdfboundingboxheight=\skip261
\mdfboundingboxdepth=\skip262
\mdfboundingboxtotalheight=\skip263
\mdf@freevspace@length=\skip264
\mdf@horizontalwidthofbox@length=\skip265
\mdf@verticalmarginwhole@length=\skip266
\mdf@horizontalspaceofbox=\skip267
\mdfsubtitleheight=\skip268
\mdfsubsubtitleheight=\skip269
\c@mdfcountframes=\count536

****** mdframed patching \endmdf@trivlist

****** -- success******

\mdf@envdepth=\count537
\c@mdf@env@i=\count538
\c@mdf@env@ii=\count539
\c@mdf@zref@counter=\count540
Package zref Info: New property: mdf@pagevalue on input line 895.
)
(C:\Users\Floris\AppData\Local\Programs\MiKTeX\tex/latex/tablefootnote\tablefoo
tnote.sty
Package: tablefootnote 2014/01/26 v1.1c Table foot notes (HMM)

(C:\Users\Floris\AppData\Local\Programs\MiKTeX\tex/latex/letltxmacro\letltxmacr
o.sty
Package: letltxmacro 2019/12/03 v1.6 Let assignment for LaTeX macros (HO)
)
(C:\Users\Floris\AppData\Local\Programs\MiKTeX\tex/latex/xifthen\xifthen.sty
Package: xifthen 2015/11/05 v1.4.0 Extended ifthen features

(C:\Users\Floris\AppData\Local\Programs\MiKTeX\tex/latex/ifmtarg\ifmtarg.sty
Package: ifmtarg 2018/04/16 v1.2b check for an empty argument
))) (C:\Users\Floris\AppData\Local\Programs\MiKTeX\tex/latex/enumitem\enumitem.
sty
Package: enumitem 2025/02/06 v3.11 Customized lists
\labelindent=\skip270
\enit@outerparindent=\dimen334
\enit@toks=\toks74
\enit@inbox=\box85
\enit@count@id=\count541
\enitdp@description=\count542
) (C:\Users\Floris\AppData\Local\Programs\MiKTeX\tex/latex/scrhack\scrhack.sty
Package: scrhack 2024-09-04 v3.42 scrhack emulation package

(C:\Users\Floris\AppData\Local\Programs\MiKTeX\tex/latex/floatbytocbasic\floatb
ytocbasic.sty
Package: floatbytocbasic 2023-08-16 v1.0 improved float package using tocbasic
)))
(C:\Users\Floris\AppData\Local\Programs\MiKTeX\tex/generic/stringenc\se-pdfdoc.
def
File: se-pdfdoc.def 2019/11/29 v1.12 stringenc: PDFDocEncoding
)
Package csquotes Info: Checking for multilingual support...
Package csquotes Info: ... found 'babel' package.
Class scrbook Info: loading recommended package `bookmark'.
(scrbook)           Using `bookmark' together with `hyperref' is recommended,
(scrbook)           because of handling of possible bookmark level gaps.
(scrbook)           You can avoid loading `bookmark' with KOMA-Script option
(scrbook)           `bookmarkpackage=false' before \begin{document} and
(scrbook)           you can avoid this message adding:
(scrbook)             \usepackage{bookmark}
(scrbook)           before \begin{document} on input line 17.

(C:\Users\Floris\AppData\Local\Programs\MiKTeX\tex/latex/bookmark\bookmark.sty
Package: bookmark 2026-05-21 v1.32 PDF bookmarks (HO)

(C:\Users\Floris\AppData\Local\Programs\MiKTeX\tex/latex/bookmark\bkm-pdftex.de
f
File: bkm-pdftex.def 2026-05-21 v1.32 bookmark driver for pdfTeX (HO)
\BKM@id=\count543
))
LaTeX Font Info:    Trying to load font information for T1+LinuxLibertineT-OsF 
on input line 17.

(C:\Users\Floris\AppData\Local\Programs\MiKTeX\tex/latex/libertine\t1linuxliber
tinet-osf.fd
File: T1LinuxLibertineT-OsF.fd 2017/03/20 (autoinst) Font definitions for T1/Li
nuxLibertineT-OsF.
)
LaTeX Font Info:    Font shape `T1/LinuxLibertineT-OsF/m/n' will be
(Font)              scaled to size 12.0pt on input line 17.

(C:/Users/Floris/Documents/interlanguage/04_mirrors/id/advanced-optimization-co
nvex-analysis-id/authority/habring/build-arxiv-2607.11664v1\Convopt_notes.aux
(C:/Users/Floris/Documents/interlanguage/04_mirrors/id/advanced-optimization-co
nvex-analysis-id/authority/habring/build-arxiv-2607.11664v1\preface.aux)
(C:/Users/Floris/Documents/interlanguage/04_mirrors/id/advanced-optimization-co
nvex-analysis-id/authority/habring/build-arxiv-2607.11664v1\preliminaries.aux)
(C:/Users/Floris/Documents/interlanguage/04_mirrors/id/advanced-optimization-co
nvex-analysis-id/authority/habring/build-arxiv-2607.11664v1\convexity.aux)
(C:/Users/Floris/Documents/interlanguage/04_mirrors/id/advanced-optimization-co
nvex-analysis-id/authority/habring/build-arxiv-2607.11664v1\subgradient.aux)
(C:/Users/Floris/Documents/interlanguage/04_mirrors/id/advanced-optimization-co
nvex-analysis-id/authority/habring/build-arxiv-2607.11664v1\projected_subgradie
nt_method.aux)
(C:/Users/Floris/Documents/interlanguage/04_mirrors/id/advanced-optimization-co
nvex-analysis-id/authority/habring/build-arxiv-2607.11664v1\proximal_gradient.a
ux

LaTeX Warning: Label `proximal:eq:moreau_diff2' multiply defined.


LaTeX Warning: Label `proximal:eq:moreau_diff2@cref' multiply defined.

)
(C:/Users/Floris/Documents/interlanguage/04_mirrors/id/advanced-optimization-co
nvex-analysis-id/authority/habring/build-arxiv-2607.11664v1\acceleration.aux)
(C:/Users/Floris/Documents/interlanguage/04_mirrors/id/advanced-optimization-co
nvex-analysis-id/authority/habring/build-arxiv-2607.11664v1\duality.aux

LaTeX Warning: Label `duality:eq:proof_admm6' multiply defined.


LaTeX Warning: Label `duality:eq:proof_admm6@cref' multiply defined.

)
(C:/Users/Floris/Documents/interlanguage/04_mirrors/id/advanced-optimization-co
nvex-analysis-id/authority/habring/build-arxiv-2607.11664v1\stochastic.aux)
(C:/Users/Floris/Documents/interlanguage/04_mirrors/id/advanced-optimization-co
nvex-analysis-id/authority/habring/build-arxiv-2607.11664v1\optimal_transport.a
ux))
\openout1 = `Convopt_notes.aux'.

LaTeX Font Info:    Checking defaults for OML/nxlmi/m/it on input line 17.
LaTeX Font Info:    Trying to load font information for OML+nxlmi on input line
 17.
 (C:\Users\Floris\AppData\Local\Programs\MiKTeX\tex/latex/newtx\omlnxlmi.fd
File: omlnxlmi.fd 2013/11/19 Fontinst v1.933 font definitions for OML/nxlmi.
)
LaTeX Font Info:    ... okay on input line 17.
LaTeX Font Info:    Checking defaults for OMS/cmsy/m/n on input line 17.
LaTeX Font Info:    ... okay on input line 17.
LaTeX Font Info:    Checking defaults for OT1/cmr/m/n on input line 17.
LaTeX Font Info:    ... okay on input line 17.
LaTeX Font Info:    Checking defaults for T1/cmr/m/n on input line 17.
LaTeX Font Info:    ... okay on input line 17.
LaTeX Font Info:    Checking defaults for TS1/cmr/m/n on input line 17.
LaTeX Font Info:    ... okay on input line 17.
LaTeX Font Info:    Checking defaults for OMX/cmex/m/n on input line 17.
LaTeX Font Info:    ... okay on input line 17.
LaTeX Font Info:    Checking defaults for U/ntxexa/m/n on input line 17.
LaTeX Font Info:    Trying to load font information for U+ntxexa on input line 
17.
 (C:\Users\Floris\AppData\Local\Programs\MiKTeX\tex/latex/newtx\untxexa.fd
File: untxexa.fd 2012/04/16 Fontinst v1.933 font definitions for U/ntxexa.
)
LaTeX Font Info:    ... okay on input line 17.
LaTeX Font Info:    Checking defaults for PD1/pdf/m/n on input line 17.
LaTeX Font Info:    ... okay on input line 17.
LaTeX Font Info:    Checking defaults for PU/pdf/m/n on input line 17.
LaTeX Font Info:    ... okay on input line 17.
LaTeX Font Info:    Checking defaults for LMS/ntxsy/m/n on input line 17.
LaTeX Font Info:    Trying to load font information for LMS+ntxsy on input line
 17.

(C:\Users\Floris\AppData\Local\Programs\MiKTeX\tex/latex/newtx\lmsntxsy.fd
File: lmsntxsy.fd 2016/07/02 Fontinst v1.933 font definitions for LMS/ntxsy.
)
LaTeX Font Info:    ... okay on input line 17.
LaTeX Font Info:    Checking defaults for LMX/ntxexx/m/n on input line 17.
LaTeX Font Info:    Trying to load font information for LMX+ntxexx on input lin
e 17.

(C:\Users\Floris\AppData\Local\Programs\MiKTeX\tex/latex/newtx\lmxntxexx.fd
File: lmxntxexx.fd 2016/07/03 Fontinst v1.933 font definitions for LMX/ntxexx.
)
LaTeX Font Info:    ... okay on input line 17.
Package scrbase Info: activating english \partname on input line 17.
Package scrbase Info: activating english \chaptername on input line 17.
Package scrbase Info: activating english \appendixname on input line 17.
Package scrbase Info: activating english \figurename on input line 17.
Package scrbase Info: activating english \tablename on input line 17.
Package scrbase Info: activating english \contentsname on input line 17.
Package scrbase Info: activating english \listfigurename on input line 17.
Package scrbase Info: activating english \listtablename on input line 17.
Package scrbase Info: activating english \bibname on input line 17.
Package scrbase Info: activating english \indexname on input line 17.

(C:\Users\Floris\AppData\Local\Programs\MiKTeX\tex/context/base/mkii\supp-pdf.m
kii
[Loading MPS to PDF converter (version 2006.09.02).]
\scratchcounter=\count544
\scratchdimen=\dimen335
\scratchbox=\box86
\nofMPsegments=\count545
\nofMParguments=\count546
\everyMPshowfont=\toks75
\MPscratchCnt=\count547
\MPscratchDim=\dimen336
\MPnumerator=\count548
\makeMPintoPDFobject=\count549
\everyMPtoPDFconversion=\toks76
)
(C:\Users\Floris\AppData\Local\Programs\MiKTeX\tex/latex/epstopdf-pkg\epstopdf-
base.sty
Package: epstopdf-base 2020-01-24 v2.11 Base part for package epstopdf
Package epstopdf-base Info: Redefining graphics rule for `.eps' on input line 4
85.

(C:\Users\Floris\AppData\Local\Programs\MiKTeX\tex/latex/00miktex\epstopdf-sys.
cfg
File: epstopdf-sys.cfg 2021/03/18 v2.0 Configuration of epstopdf for MiKTeX
))
LaTeX Info: Command `\dddot' is already robust on input line 17.
LaTeX Info: Command `\ddddot' is already robust on input line 17.
Package hyperref Info: Link coloring ON on input line 17.
\c@mv@tabular=\count550
\c@mv@boldtabular=\count551

(C:\Users\Floris\AppData\Local\Programs\MiKTeX\tex/latex/upquote\upquote.sty
Package: upquote 2012/04/19 v1.3 upright-quote and grave-accent glyphs in verba
tim
)
LaTeX Info: Redefining \microtypecontext on input line 17.
Package microtype Info: Applying patch `item' on input line 17.
Package microtype Info: Applying patch `toc' on input line 17.
Package microtype Info: Applying patch `eqnum' on input line 17.
Package microtype Info: Applying patch `footnote' on input line 17.
Package microtype Info: Applying patch `verbatim' on input line 17.
LaTeX Info: Redefining \microtypesetup on input line 17.
Package microtype Info: Generating PDF output.
Package microtype Info: Character protrusion enabled (level 2).
Package microtype Info: Using default protrusion set `alltext'.
Package microtype Info: Automatic font expansion enabled (level 2),
(microtype)             stretch: 20, shrink: 20, step: 1, non-selected.
Package microtype Info: Using default expansion set `alltext-nott'.
Package microtype Info: Patching command `\showhyphens'.
Package microtype Info: No adjustment of tracking.
Package microtype Info: Adjustment of interword spacing enabled.
Package microtype Info: Using default spacing set `alltext-nott'.
Package microtype Info: Adjustment of character kerning enabled.
Package microtype Info: Using default kerning set `alltext'.
Package microtype Info: Loading generic protrusion settings for font family
(microtype)             `LinuxLibertineT-OsF' (encoding: T1).
(microtype)             For optimal results, create family-specific settings.
(microtype)             See the microtype manual for details.
Package caption Info: Begin \AtBeginDocument code.
Package caption Info: longtable package is loaded.

(C:\Users\Floris\AppData\Local\Programs\MiKTeX\tex/latex/caption\ltcaption.sty
Package: ltcaption 2021/01/08 v1.4c longtable captions (AR)
)
Package caption Info: supertabular package is loaded.
Package caption Info: End \AtBeginDocument code.
Package biblatex Info: Trying to load language 'english'...
Package biblatex Info: ... file 'english.lbx' found.

(C:\Users\Floris\AppData\Local\Programs\MiKTeX\tex/latex/biblatex/lbx\english.l
bx
File: english.lbx 2025/07/10 v3.21 biblatex localization (PK/MW)
)
Package biblatex Info: Input encoding 'utf8' detected.
Package biblatex Info: Automatic encoding selection.
(biblatex)             Assuming data encoding 'utf8'.
Package biblatex Info: Input encoding 'ascii' forced by
(biblatex)             'safeinputenc' option.
\openout3 = `Convopt_notes.bcf'.

Package biblatex Info: Trying to load bibliographic data...
Package biblatex Info: ... file 'Convopt_notes.bbl' found.

(C:/Users/Floris/Documents/interlanguage/04_mirrors/id/advanced-optimization-co
nvex-analysis-id/authority/habring/build-arxiv-2607.11664v1\Convopt_notes.bbl)
Package biblatex Info: Reference section=0 on input line 17.
Package biblatex Info: Reference segment=0 on input line 17.

Package pgfplots notification 'compat/show suggested version=true': document ha
s been generated with the most recent feature set (\pgfplotsset{compat=1.18}).

LaTeX Font Info:    Trying to load font information for T1+LinuxBiolinumT-OsF o
n input line 19.

(C:\Users\Floris\AppData\Local\Programs\MiKTeX\tex/latex/libertine\t1linuxbioli
numt-osf.fd
File: T1LinuxBiolinumT-OsF.fd 2017/03/20 (autoinst) Font definitions for T1/Lin
uxBiolinumT-OsF.
)
LaTeX Font Info:    Font shape `T1/LinuxBiolinumT-OsF/m/n' will be
(Font)              scaled to size 12.0pt on input line 19.
Package microtype Info: Loading generic protrusion settings for font family
(microtype)             `LinuxBiolinumT-OsF' (encoding: T1).
(microtype)             For optimal results, create family-specific settings.
(microtype)             See the microtype manual for details.
LaTeX Font Info:    Font shape `T1/LinuxBiolinumT-OsF/m/sc' will be
(Font)              scaled to size 12.0pt on input line 19.
LaTeX Font Info:    Font shape `T1/LinuxBiolinumT-OsF/m/sc' will be
(Font)              scaled to size 24.88pt on input line 19.
LaTeX Font Info:    Font shape `T1/LinuxLibertineT-OsF/m/n' will be
(Font)              scaled to size 14.4pt on input line 19.
LaTeX Font Info:    Font shape `T1/LinuxBiolinumT-OsF/m/n' will be
(Font)              scaled to size 14.4pt on input line 19.
LaTeX Font Info:    Font shape `T1/LinuxBiolinumT-OsF/m/sc' will be
(Font)              scaled to size 14.4pt on input line 19.
LaTeX Font Info:    Font shape `T1/LinuxLibertineT-OsF/m/n' will be
(Font)              scaled to size 17.28pt on input line 19.
LaTeX Font Info:    Font shape `T1/LinuxBiolinumT-OsF/m/n' will be
(Font)              scaled to size 17.28pt on input line 19.
LaTeX Font Info:    Trying to load font information for OT1+LinuxLibertineT-LF 
on input line 19.

(C:\Users\Floris\AppData\Local\Programs\MiKTeX\tex/latex/libertine\ot1linuxlibe
rtinet-lf.fd
File: OT1LinuxLibertineT-LF.fd 2017/03/20 (autoinst) Font definitions for OT1/L
inuxLibertineT-LF.
)
LaTeX Font Info:    Font shape `OT1/LinuxLibertineT-LF/m/n' will be
(Font)              scaled to size 17.28pt on input line 19.
Package microtype Info: Loading generic protrusion settings for font family
(microtype)             `LinuxLibertineT-LF' (encoding: OT1).
(microtype)             For optimal results, create family-specific settings.
(microtype)             See the microtype manual for details.
LaTeX Font Info:    Font shape `OT1/LinuxLibertineT-LF/m/n' will be
(Font)              scaled to size 12.5pt on input line 19.
LaTeX Font Info:    Font shape `OT1/LinuxLibertineT-LF/m/n' will be
(Font)              scaled to size 9.4pt on input line 19.
LaTeX Font Info:    Font shape `OML/nxlmi/m/it' will be
(Font)              scaled to size 17.28pt on input line 19.
LaTeX Font Info:    Font shape `OML/nxlmi/m/it' will be
(Font)              scaled to size 12.5pt on input line 19.
LaTeX Font Info:    Font shape `OML/nxlmi/m/it' will be
(Font)              scaled to size 9.4pt on input line 19.
LaTeX Font Info:    Font shape `LMS/ntxsy/m/n' will be
(Font)              scaled to size 17.28pt on input line 19.
LaTeX Font Info:    Font shape `LMS/ntxsy/m/n' will be
(Font)              scaled to size 12.5pt on input line 19.
LaTeX Font Info:    Font shape `LMS/ntxsy/m/n' will be
(Font)              scaled to size 9.4pt on input line 19.
LaTeX Font Info:    Font shape `LMX/ntxexx/m/n' will be
(Font)              scaled to size 17.28pt on input line 19.
LaTeX Font Info:    Font shape `LMX/ntxexx/m/n' will be
(Font)              scaled to size 12.5pt on input line 19.
LaTeX Font Info:    Font shape `LMX/ntxexx/m/n' will be
(Font)              scaled to size 9.4pt on input line 19.
LaTeX Font Info:    Trying to load font information for U+ntxmia on input line 
19.

(C:\Users\Floris\AppData\Local\Programs\MiKTeX\tex/latex/newtx\untxmia.fd
File: untxmia.fd 2024/04/09 Fontinst v1.933 font definitions for U/ntxmia.
)
LaTeX Font Info:    Font shape `U/ntxmia/m/it' will be
(Font)              scaled to size 17.28pt on input line 19.
LaTeX Font Info:    Font shape `U/ntxmia/m/it' will be
(Font)              scaled to size 12.5pt on input line 19.
LaTeX Font Info:    Font shape `U/ntxmia/m/it' will be
(Font)              scaled to size 9.4pt on input line 19.
LaTeX Font Info:    Trying to load font information for U+ntxsym on input line 
19.

(C:\Users\Floris\AppData\Local\Programs\MiKTeX\tex/latex/newtx\untxsym.fd
File: untxsym.fd 2023/08/16 Fontinst v1.933 font definitions for U/ntxsym.
)
LaTeX Font Info:    Font shape `U/ntxsym/m/n' will be
(Font)              scaled to size 17.28pt on input line 19.
LaTeX Font Info:    Font shape `U/ntxsym/m/n' will be
(Font)              scaled to size 12.5pt on input line 19.
LaTeX Font Info:    Font shape `U/ntxsym/m/n' will be
(Font)              scaled to size 9.4pt on input line 19.
LaTeX Font Info:    Trying to load font information for U+ntxsyc on input line 
19.

(C:\Users\Floris\AppData\Local\Programs\MiKTeX\tex/latex/newtx\untxsyc.fd
File: untxsyc.fd 2012/04/12 Fontinst v1.933 font definitions for U/ntxsyc.
)
LaTeX Font Info:    Font shape `U/ntxsyc/m/n' will be
(Font)              scaled to size 17.28pt on input line 19.
LaTeX Font Info:    Font shape `U/ntxsyc/m/n' will be
(Font)              scaled to size 12.5pt on input line 19.
LaTeX Font Info:    Font shape `U/ntxsyc/m/n' will be
(Font)              scaled to size 9.4pt on input line 19.
LaTeX Font Info:    Font shape `U/ntxexa/m/n' will be
(Font)              scaled to size 17.28pt on input line 19.
LaTeX Font Info:    Font shape `U/ntxexa/m/n' will be
(Font)              scaled to size 12.5pt on input line 19.
LaTeX Font Info:    Font shape `U/ntxexa/m/n' will be
(Font)              scaled to size 9.4pt on input line 19.
LaTeX Font Info:    Font shape `T1/LinuxBiolinumT-OsF/m/n' will be
(Font)              scaled to size 10.95pt on input line 19.

[1



{C:/Users/Floris/AppData/Local/MiKTeX/fonts/map/pdftex/pdftex.map}{C:/Users/Flo
ris/AppData/Local/Programs/MiKTeX/fonts/enc/dvips/libertine/lbtn_wcay2e.enc}{C:
/Users/Floris/AppData/Local/Programs/MiKTeX/fonts/enc/dvips/libertine/lbtn_ouu7
z6.enc}]
LaTeX Font Info:    Font shape `T1/LinuxBiolinumT-OsF/m/sc' will be
(Font)              scaled to size 17.28pt on input line 21.
Package tocbasic Info: character protrusion at toc deactivated on input line 21
.

(C:/Users/Floris/Documents/interlanguage/04_mirrors/id/advanced-optimization-co
nvex-analysis-id/authority/habring/build-arxiv-2607.11664v1\Convopt_notes.toc
Package cleveref Info: loaded `english' language definitions on input line 1.
)
\tf@toc=\write5
\openout5 = `Convopt_notes.toc'.

LaTeX Font Info:    Font shape `T1/LinuxLibertineT-OsF/m/sl' in size <12> not a
vailable
(Font)              Font shape `T1/LinuxLibertineT-OsF/m/it' tried instead on i
nput line 24.
LaTeX Font Info:    Font shape `T1/LinuxLibertineT-OsF/m/it' will be
(Font)              scaled to size 12.0pt on input line 24.
LaTeX Font Info:    Font shape `OT1/LinuxLibertineT-LF/m/n' will be
(Font)              scaled to size 12.0pt on input line 24.
LaTeX Font Info:    Font shape `OT1/LinuxLibertineT-LF/m/n' will be
(Font)              scaled to size 8.8pt on input line 24.
LaTeX Font Info:    Font shape `OT1/LinuxLibertineT-LF/m/n' will be
(Font)              scaled to size 6.6pt on input line 24.
LaTeX Font Info:    Font shape `OML/nxlmi/m/it' will be
(Font)              scaled to size 12.0pt on input line 24.
LaTeX Font Info:    Font shape `OML/nxlmi/m/it' will be
(Font)              scaled to size 8.8pt on input line 24.
LaTeX Font Info:    Font shape `OML/nxlmi/m/it' will be
(Font)              scaled to size 6.6pt on input line 24.
LaTeX Font Info:    Font shape `LMS/ntxsy/m/n' will be
(Font)              scaled to size 12.0pt on input line 24.
LaTeX Font Info:    Font shape `LMS/ntxsy/m/n' will be
(Font)              scaled to size 8.8pt on input line 24.
LaTeX Font Info:    Font shape `LMS/ntxsy/m/n' will be
(Font)              scaled to size 6.6pt on input line 24.
LaTeX Font Info:    Font shape `LMX/ntxexx/m/n' will be
(Font)              scaled to size 12.0pt on input line 24.
LaTeX Font Info:    Font shape `LMX/ntxexx/m/n' will be
(Font)              scaled to size 8.8pt on input line 24.
LaTeX Font Info:    Font shape `LMX/ntxexx/m/n' will be
(Font)              scaled to size 6.6pt on input line 24.
LaTeX Font Info:    Font shape `U/ntxmia/m/it' will be
(Font)              scaled to size 12.0pt on input line 24.
LaTeX Font Info:    Font shape `U/ntxmia/m/it' will be
(Font)              scaled to size 8.8pt on input line 24.
LaTeX Font Info:    Font shape `U/ntxmia/m/it' will be
(Font)              scaled to size 6.6pt on input line 24.
LaTeX Font Info:    Font shape `U/ntxsym/m/n' will be
(Font)              scaled to size 12.0pt on input line 24.
LaTeX Font Info:    Font shape `U/ntxsym/m/n' will be
(Font)              scaled to size 8.8pt on input line 24.
LaTeX Font Info:    Font shape `U/ntxsym/m/n' will be
(Font)              scaled to size 6.6pt on input line 24.
LaTeX Font Info:    Font shape `U/ntxsyc/m/n' will be
(Font)              scaled to size 12.0pt on input line 24.
LaTeX Font Info:    Font shape `U/ntxsyc/m/n' will be
(Font)              scaled to size 8.8pt on input line 24.
LaTeX Font Info:    Font shape `U/ntxsyc/m/n' will be
(Font)              scaled to size 6.6pt on input line 24.
LaTeX Font Info:    Font shape `U/ntxexa/m/n' will be
(Font)              scaled to size 12.0pt on input line 24.
LaTeX Font Info:    Font shape `U/ntxexa/m/n' will be
(Font)              scaled to size 8.8pt on input line 24.
LaTeX Font Info:    Font shape `U/ntxexa/m/n' will be
(Font)              scaled to size 6.6pt on input line 24.

[1




{C:/Users/Floris/AppData/Local/Programs/MiKTeX/fonts/enc/dvips/libertine/lbtn_u
lngvd.enc}]
\openout2 = `preface.aux'.

 (preface.tex) [1




{C:/Users/Floris/AppData/Local/Programs/MiKTeX/fonts/enc/dvips/libertine/lbtn_6
mhf45.enc}]
\openout2 = `preliminaries.aux'.

 (preliminaries.tex
chapter 1.
LaTeX Font Info:    Trying to load font information for T1+LinuxBiolinumT-LF on
 input line 1.

(C:\Users\Floris\AppData\Local\Programs\MiKTeX\tex/latex/libertine\t1linuxbioli
numt-lf.fd
File: T1LinuxBiolinumT-LF.fd 2017/03/20 (autoinst) Font definitions for T1/Linu
xBiolinumT-LF.
)
LaTeX Font Info:    Font shape `T1/LinuxBiolinumT-LF/m/sc' will be
(Font)              scaled to size 17.28pt on input line 1.
Package microtype Info: Loading generic protrusion settings for font family
(microtype)             `LinuxBiolinumT-LF' (encoding: T1).
(microtype)             For optimal results, create family-specific settings.
(microtype)             See the microtype manual for details.
Package mdframed Info: mdframed detected package amsthm 
 changed the theorem header of amsthm
(mdframed)              on input line 26.
Package mdframed Info: Box was splittet wrong
 starting loop to iterate the splitting point
(mdframed)              on input line 44.
 [2





{C:/Users/Floris/AppData/Local/Programs/MiKTeX/fonts/enc/dvips/libertine/lbtn_v
olajt.enc}{C:/Users/Floris/AppData/Local/Programs/MiKTeX/fonts/enc/dvips/libert
ine/lbtn_3zs4uy.enc}]
Package mdframed Info: mdframed detected package amsthm 
 changed the theorem header of amsthm
(mdframed)              on input line 62.
LaTeX Font Info:    Trying to load font information for TS1+LinuxLibertineT-OsF
 on input line 79.

(C:\Users\Floris\AppData\Local\Programs\MiKTeX\tex/latex/libertine\ts1linuxlibe
rtinet-osf.fd
File: TS1LinuxLibertineT-OsF.fd 2017/03/20 (autoinst) Font definitions for TS1/
LinuxLibertineT-OsF.
)
LaTeX Font Info:    Font shape `TS1/LinuxLibertineT-OsF/m/n' will be
(Font)              scaled to size 12.0pt on input line 79.
Package microtype Info: Loading generic protrusion settings for font family
(microtype)             `LinuxLibertineT-OsF' (encoding: TS1).
(microtype)             For optimal results, create family-specific settings.
(microtype)             See the microtype manual for details.
LaTeX Font Info:    Font shape `T1/LinuxLibertineT-OsF/m/n' will be
(Font)              scaled to size 8.8pt on input line 89.
LaTeX Font Info:    Font shape `T1/LinuxLibertineT-OsF/m/n' will be
(Font)              scaled to size 6.6pt on input line 89.
LaTeX Font Info:    Font shape `T1/LinuxLibertineT-OsF/m/it' will be
(Font)              scaled to size 8.8pt on input line 96.
LaTeX Font Info:    Font shape `T1/LinuxLibertineT-OsF/m/n' will be
(Font)              scaled to size 10.0pt on input line 96.
LaTeX Font Info:    Font shape `OT1/LinuxLibertineT-LF/m/n' will be
(Font)              scaled to size 10.0pt on input line 96.
LaTeX Font Info:    Font shape `OT1/LinuxLibertineT-LF/m/n' will be
(Font)              scaled to size 7.3pt on input line 96.
LaTeX Font Info:    Font shape `OT1/LinuxLibertineT-LF/m/n' will be
(Font)              scaled to size 5.5pt on input line 96.
LaTeX Font Info:    Font shape `OML/nxlmi/m/it' will be
(Font)              scaled to size 10.0pt on input line 96.
LaTeX Font Info:    Font shape `OML/nxlmi/m/it' will be
(Font)              scaled to size 7.3pt on input line 96.
LaTeX Font Info:    Font shape `OML/nxlmi/m/it' will be
(Font)              scaled to size 5.5pt on input line 96.
LaTeX Font Info:    Font shape `LMS/ntxsy/m/n' will be
(Font)              scaled to size 10.0pt on input line 96.
LaTeX Font Info:    Font shape `LMS/ntxsy/m/n' will be
(Font)              scaled to size 7.3pt on input line 96.
LaTeX Font Info:    Font shape `LMS/ntxsy/m/n' will be
(Font)              scaled to size 5.5pt on input line 96.
LaTeX Font Info:    Font shape `LMX/ntxexx/m/n' will be
(Font)              scaled to size 10.0pt on input line 96.
LaTeX Font Info:    Font shape `LMX/ntxexx/m/n' will be
(Font)              scaled to size 7.3pt on input line 96.
LaTeX Font Info:    Font shape `LMX/ntxexx/m/n' will be
(Font)              scaled to size 5.5pt on input line 96.
LaTeX Font Info:    Font shape `U/ntxmia/m/it' will be
(Font)              scaled to size 10.0pt on input line 96.
LaTeX Font Info:    Font shape `U/ntxmia/m/it' will be
(Font)              scaled to size 7.3pt on input line 96.
LaTeX Font Info:    Font shape `U/ntxmia/m/it' will be
(Font)              scaled to size 5.5pt on input line 96.
LaTeX Font Info:    Font shape `U/ntxsym/m/n' will be
(Font)              scaled to size 10.0pt on input line 96.
LaTeX Font Info:    Font shape `U/ntxsym/m/n' will be
(Font)              scaled to size 7.3pt on input line 96.
LaTeX Font Info:    Font shape `U/ntxsym/m/n' will be
(Font)              scaled to size 5.5pt on input line 96.
LaTeX Font Info:    Font shape `U/ntxsyc/m/n' will be
(Font)              scaled to size 10.0pt on input line 96.
LaTeX Font Info:    Font shape `U/ntxsyc/m/n' will be
(Font)              scaled to size 7.3pt on input line 96.
LaTeX Font Info:    Font shape `U/ntxsyc/m/n' will be
(Font)              scaled to size 5.5pt on input line 96.
LaTeX Font Info:    Font shape `U/ntxexa/m/n' will be
(Font)              scaled to size 10.0pt on input line 96.
LaTeX Font Info:    Font shape `U/ntxexa/m/n' will be
(Font)              scaled to size 7.3pt on input line 96.
LaTeX Font Info:    Font shape `U/ntxexa/m/n' will be
(Font)              scaled to size 5.5pt on input line 96.
LaTeX Font Info:    Font shape `T1/LinuxLibertineT-OsF/m/n' will be
(Font)              scaled to size 7.3pt on input line 96.
LaTeX Font Info:    Font shape `T1/LinuxLibertineT-OsF/m/it' will be
(Font)              scaled to size 7.3pt on input line 96.
LaTeX Font Info:    Font shape `T1/LinuxLibertineT-OsF/m/it' will be
(Font)              scaled to size 10.0pt on input line 96.
LaTeX Font Info:    Font shape `T1/LinuxLibertineT-OsF/b/n' will be
(Font)              scaled to size 12.0pt on input line 100.
Package mdframed Info: Box was splittet wrong
 starting loop to iterate the splitting point
(mdframed)              on input line 105.
Package cleveref Info: loaded `english' language definitions on input line 105.

 [3]
Package cleveref Info: loaded `english' language definitions on input line 111.

 [4{C:/Users/Floris/AppData/Local/Programs/MiKTeX/fonts/enc/dvips/libertine/lbt
n_75c3wo.enc}{C:/Users/Floris/AppData/Local/Programs/MiKTeX/fonts/enc/dvips/lib
ertine/lbtn_urpt4g.enc}]
Package cleveref Info: loaded `english' language definitions on input line 162.

 [5]
Package cleveref Info: loaded `english' language definitions on input line 216.

 [6]
Package mdframed Info: mdframed detected package amsthm 
 changed the theorem header of amsthm
(mdframed)              on input line 232.
Package cleveref Info: loaded `english' language definitions on input line 257.

 [7]
Package cleveref Info: loaded `english' language definitions on input line 284.

 [8]
Package cleveref Info: loaded `english' language definitions on input line 331.

 [9]
Package mdframed Info: mdframed detected package amsthm 
 changed the theorem header of amsthm
(mdframed)              on input line 374.
Package cleveref Info: loaded `english' language definitions on input line 376.

 [10]
Package mdframed Info: Not enough space on this page on input line 376.
Package mdframed Info: mdframed detected package amsthm 
 changed the theorem header of amsthm
(mdframed)              on input line 417.
Package mdframed Info: Not enough space on this page on input line 430.
Package cleveref Info: loaded `english' language definitions on input line 430.

 [11]
Package mdframed Info: Not enough space on this page on input line 430.
Package cleveref Info: loaded `english' language definitions on input line 479.


[12]
<figures/discontinuous_function.png, id=250, 462.528pt x 346.896pt>
File: figures/discontinuous_function.png Graphic file (type png)
<use figures/discontinuous_function.png>
Package pdftex.def Info: figures/discontinuous_function.png  used on input line
 487.
(pdftex.def)             Requested size: 173.81784pt x 130.36621pt.
<figures/lsc_function.png, id=252, 462.528pt x 346.896pt>
File: figures/lsc_function.png Graphic file (type png)
<use figures/lsc_function.png>
Package pdftex.def Info: figures/lsc_function.png  used on input line 488.
(pdftex.def)             Requested size: 173.81784pt x 130.36621pt.
Package cleveref Info: loaded `english' language definitions on input line 525.

 [13 <./figures/discontinuous_function.png> <./figures/lsc_function.png>])
Package cleveref Info: loaded `english' language definitions on input line 29.

[14]
\openout2 = `convexity.aux'.

 (convexity.tex
chapter 2.
[15





]
<figures/sets.png, id=293, 853.1875pt x 487.8225pt>
File: figures/sets.png Graphic file (type png)
<use figures/sets.png>
Package pdftex.def Info: figures/sets.png  used on input line 69.
(pdftex.def)             Requested size: 304.18454pt x 173.92627pt.
Package mdframed Info: mdframed detected package amsthm 
 changed the theorem header of amsthm
(mdframed)              on input line 73.
Package cleveref Info: loaded `english' language definitions on input line 91.
 [16 <./figures/sets.png>]
<figures/balls.png, id=306, 791.95876pt x 244.915pt>
File: figures/balls.png Graphic file (type png)
<use figures/balls.png>
Package pdftex.def Info: figures/balls.png  used on input line 95.
(pdftex.def)             Requested size: 434.55125pt x 134.386pt.
Package cleveref Info: loaded `english' language definitions on input line 115.

 [17 <./figures/balls.png>]
Package cleveref Info: loaded `english' language definitions on input line 160.

 [18]
<figures/convex_fct.png, id=337, 462.528pt x 346.896pt>
File: figures/convex_fct.png Graphic file (type png)
<use figures/convex_fct.png>
Package pdftex.def Info: figures/convex_fct.png  used on input line 197.
(pdftex.def)             Requested size: 217.27562pt x 162.95644pt.
Package cleveref Info: loaded `english' language definitions on input line 212.

 [19]
Package mdframed Info: mdframed detected package amsthm 
 changed the theorem header of amsthm
(mdframed)              on input line 244.
Package mdframed Info: Not enough space on this page on input line 250.
Package cleveref Info: loaded `english' language definitions on input line 250.

 [20 <./figures/convex_fct.png>]
Package mdframed Info: Not enough space on this page on input line 250.
Package cleveref Info: loaded `english' language definitions on input line 322.

 [21]
Package cleveref Info: loaded `english' language definitions on input line 354.

 [22]
Package cleveref Info: loaded `english' language definitions on input line 404.

 [23]
Package cleveref Info: loaded `english' language definitions on input line 452.

 [24]
Package mdframed Info: mdframed detected package amsthm 
 changed the theorem header of amsthm
(mdframed)              on input line 486.
Package mdframed Info: Not enough space on this page on input line 501.
Package cleveref Info: loaded `english' language definitions on input line 501.

 [25]
Package mdframed Info: Not enough space on this page on input line 501.
Package cleveref Info: loaded `english' language definitions on input line 563.

 [26]
Package mdframed Info: mdframed detected package amsthm 
 changed the theorem header of amsthm
(mdframed)              on input line 589.
Package cleveref Info: loaded `english' language definitions on input line 621.

 [27]
Package mdframed Info: mdframed detected package amsthm 
 changed the theorem header of amsthm
(mdframed)              on input line 626.
Package cleveref Info: loaded `english' language definitions on input line 679.

 [28])
Package cleveref Info: loaded `english' language definitions on input line 32.
 [29]
\openout2 = `subgradient.aux'.


(subgradient.tex
chapter 3.
[30





]
Package mdframed Info: mdframed detected package amsthm 
 changed the theorem header of amsthm
(mdframed)              on input line 54.


Package mdframed Warning: You got a bad break
(mdframed)                because the last box will be empty
(mdframed)                you have to change it manually
(mdframed)                by changing the text, the space
(mdframed)                or something else on input line 83.

Package mdframed Info: Box was splittet wrong
 starting loop to iterate the splitting point
(mdframed)              on input line 83.
Package cleveref Info: loaded `english' language definitions on input line 83.
[31]
<figures/gradient.png, id=482, 462.528pt x 346.896pt>
File: figures/gradient.png Graphic file (type png)
<use figures/gradient.png>
Package pdftex.def Info: figures/gradient.png  used on input line 106.
(pdftex.def)             Requested size: 185.0079pt x 138.75594pt.
<figures/subgradient.png, id=483, 462.528pt x 346.896pt>
File: figures/subgradient.png Graphic file (type png)
<use figures/subgradient.png>
Package pdftex.def Info: figures/subgradient.png  used on input line 107.
(pdftex.def)             Requested size: 185.0079pt x 138.75594pt.
Package mdframed Info: mdframed detected package amsthm 
 changed the theorem header of amsthm
(mdframed)              on input line 111.


Package mdframed Warning: You got a bad break
(mdframed)                because the last box will be empty
(mdframed)                you have to change it manually
(mdframed)                by changing the text, the space
(mdframed)                or something else on input line 130.

Package mdframed Info: You first box width is to small
 mdframed fixed it
(mdframed)              on input line 130.
Package cleveref Info: loaded `english' language definitions on input line 130.

[32]

Package mdframed Warning: You got a bad break
(mdframed)                because the last split box is empty
(mdframed)                You have to change the settings on input line 130.

Package cleveref Info: loaded `english' language definitions on input line 178.

[33 <./figures/gradient.png> <./figures/subgradient.png>]
Package cleveref Info: loaded `english' language definitions on input line 214.

 [34]
Package cleveref Info: loaded `english' language definitions on input line 253.

 [35]
Package cleveref Info: loaded `english' language definitions on input line 310.

 [36])
Package cleveref Info: loaded `english' language definitions on input line 36.

[37]
\openout2 = `projected_subgradient_method.aux'.

 (projected_subgradient_method.tex
chapter 4.
[38





]
Package cleveref Info: loaded `english' language definitions on input line 87.
 [39]
Package cleveref Info: loaded `english' language definitions on input line 153.

 [40]
Package cleveref Info: loaded `english' language definitions on input line 191.

 [41]
Package cleveref Info: loaded `english' language definitions on input line 235.

 [42]
Package cleveref Info: loaded `english' language definitions on input line 277.

 [43])
Package cleveref Info: loaded `english' language definitions on input line 37.
 [44]
\openout2 = `proximal_gradient.aux'.

 (proximal_gradient.tex
chapter 5.
[45





]
Package cleveref Info: loaded `english' language definitions on input line 78.
 [46]
Package mdframed Info: mdframed detected package amsthm 
 changed the theorem header of amsthm
(mdframed)              on input line 114.

Overfull \hbox (1.16725pt too wide) in paragraph at lines 115--117
[][]\T1/LinuxBiolinumT-OsF/m/n/12 (-20) Example 5.6. [][]\T1/LinuxLibertineT-Os
F/m/n/12 (-20) We con-sider a few fre-quently oc-cur-ring ex-am-ples of prox-i-
mal maps/Moreau
 []

Package cleveref Info: loaded `english' language definitions on input line 143.

[47]
Package cleveref Info: loaded `english' language definitions on input line 172.

 [48]
Overfull \hbox (25.1874pt too wide) detected at line 212
[][][][][][]
 []


Overfull \hbox (5.86092pt too wide) detected at line 220
[][][][][][]
 []

Package cleveref Info: loaded `english' language definitions on input line 220.

[49]
Package mdframed Info: mdframed detected package amsthm 
 changed the theorem header of amsthm
(mdframed)              on input line 234.
Package cleveref Info: loaded `english' language definitions on input line 267.

 [50]
Package cleveref Info: loaded `english' language definitions on input line 309.

 [51])
Package cleveref Info: loaded `english' language definitions on input line 38.
 [52]
\openout2 = `acceleration.aux'.

 (acceleration.tex
chapter 6.
[53





]
Package cleveref Info: loaded `english' language definitions on input line 95.
 [54]
Package cleveref Info: loaded `english' language definitions on input line 145.

 [55]
Package cleveref Info: loaded `english' language definitions on input line 239.

 [56]
Package cleveref Info: loaded `english' language definitions on input line 278.

 [57]
Package cleveref Info: loaded `english' language definitions on input line 330.

 [58]
Package cleveref Info: loaded `english' language definitions on input line 377.

 [59])
Package cleveref Info: loaded `english' language definitions on input line 39.
 [60]
\openout2 = `duality.aux'.

 (duality.tex
chapter 7.
Package mdframed Info: mdframed detected package amsthm 
 changed the theorem header of amsthm
(mdframed)              on input line 16.
[61





]
Package cleveref Info: loaded `english' language definitions on input line 93.
 [62]
Package cleveref Info: loaded `english' language definitions on input line 144.

 [63]
Package cleveref Info: loaded `english' language definitions on input line 189.

 [64]
Package cleveref Info: loaded `english' language definitions on input line 246.

 [65]
Package cleveref Info: loaded `english' language definitions on input line 285.

 [66]
Package cleveref Info: loaded `english' language definitions on input line 346.

 [67]
Overfull \hbox (65.83235pt too wide) detected at line 383
[][][][][][]
 []

Package cleveref Info: loaded `english' language definitions on input line 389.

[68]
Overfull \hbox (50.7887pt too wide) detected at line 393
[][][][]\LMS/ntxsy/m/n/12 L¹\OML/nxlmi/m/it/12 X[]; y\LMS/ntxsy/m/n/12 º ^^@ L¹
\OML/nxlmi/m/it/12 x; Y[]\LMS/ntxsy/m/n/12 º ^^T [] [] L¹\OML/nxlmi/m/it/12 x[]
; y\LMS/ntxsy/m/n/12 º ^^@ L¹\OML/nxlmi/m/it/12 x; y[]\LMS/ntxsy/m/n/12 º ^^T [
][][]j\OML/nxlmi/m/it/12 x \LMS/ntxsy/m/n/12 ^^@ \OML/nxlmi/m/it/12 x[]\LMS/ntx
sy/m/n/12 j[] Ï []j\OML/nxlmi/m/it/12 y \LMS/ntxsy/m/n/12 ^^@ \OML/nxlmi/m/it/1
2 y[]\LMS/ntxsy/m/n/12 j[] ^^@ [] []\OML/nxlmi/m/it/12 :
 []

Package cleveref Info: loaded `english' language definitions on input line 432.

[69]
Overfull \hbox (34.30444pt too wide) in paragraph at lines 447--448
[] \T1/LinuxBiolinumT-OsF/m/n/12 (-20) Step 1[][] \T1/LinuxLibertineT-OsF/m/n/1
2 (-20) Since $\LMS/ntxsy/m/n/12 ¹\OML/nxlmi/m/it/12 x[]; y[]; ^^U[]\LMS/ntxsy/
m/n/12 º$ \T1/LinuxLibertineT-OsF/m/n/12 (-20) is a saddle-point for $\OML/nxlm
i/m/it/12 L[]$ \T1/LinuxLibertineT-OsF/m/n/12 (-20) it holds for any $\OML/nxlm
i/m/it/12 k$\T1/LinuxLibertineT-OsF/m/n/12 (-20) , $\OML/nxlmi/m/it/12 L[]\LMS/
ntxsy/m/n/12 ¹\OML/nxlmi/m/it/12 x[]; y[]; ^^U[]\LMS/ntxsy/m/n/12 º ^^T \OML/nx
lmi/m/it/12 L[]\LMS/ntxsy/m/n/12 ¹\OML/nxlmi/m/it/12 x[]; y[]; ^^U[]\LMS/ntxsy/
m/n/12 º$\T1/LinuxLibertineT-OsF/m/n/12 (-20) .
 []

Package cleveref Info: loaded `english' language definitions on input line 476.

[70]
Package cleveref Info: loaded `english' language definitions on input line 540.

 [71])
Package cleveref Info: loaded `english' language definitions on input line 40.
 [72]
\openout2 = `stochastic.aux'.

 (stochastic.tex
chapter 8.
[73





]
Package cleveref Info: loaded `english' language definitions on input line 101.

 [74])
Package cleveref Info: loaded `english' language definitions on input line 41.
 [75]
\openout2 = `optimal_transport.aux'.

 (optimal_transport.tex
chapter 9.

Overfull \hbox (21.49263pt too wide) in paragraph at lines 72--73
[][] 
 []

[76





]
Package cleveref Info: loaded `english' language definitions on input line 101.

 [77]
Overfull \hbox (1.6838pt too wide) in paragraph at lines 117--118
\T1/LinuxLibertineT-OsF/m/n/12 (-20) ex-tract-ing a sub-se-quence we may as-sum
e $[][] [] \OML/nxlmi/m/it/12 c\LMS/ntxsy/m/n/12 ¹\OML/nxlmi/m/it/12 x; y\LMS/n
txsy/m/n/12 º\OT1/LinuxLibertineT-LF/m/n/12 d\OML/nxlmi/m/it/12 ^^M[]\LMS/ntxsy
/m/n/12 ¹\OML/nxlmi/m/it/12 x; y\LMS/ntxsy/m/n/12 º \U/ntxmia/m/it/12 = [][] []
 \OML/nxlmi/m/it/12 c\LMS/ntxsy/m/n/12 ¹\OML/nxlmi/m/it/12 x; y\LMS/ntxsy/m/n/1
2 º\OT1/LinuxLibertineT-LF/m/n/12 d\OML/nxlmi/m/it/12 ^^M\LMS/ntxsy/m/n/12 ¹\OM
L/nxlmi/m/it/12 x; y\LMS/ntxsy/m/n/12 º \OML/nxlmi/m/it/12 >
 []

Package cleveref Info: loaded `english' language definitions on input line 135.

[78]
Package cleveref Info: loaded `english' language definitions on input line 188.

 [79]
Overfull \hbox (1.32872pt too wide) in paragraph at lines 188--190
\T1/LinuxLibertineT-OsF/m/n/12 (-20) where in the last equal-ity we again rec-o
g-nize the in-di-ca-tor func-tion of the set $\LMS/ntxsy/m/n/12 f¹\OML/nxlmi/m/
it/12 ';  \LMS/ntxsy/m/n/12 º j \OML/nxlmi/m/it/12 '\LMS/ntxsy/m/n/12 ¹\OML/nxl
mi/m/it/12 x\LMS/ntxsy/m/n/12 º Ï
 []

Package cleveref Info: loaded `english' language definitions on input line 219.

[80])
Package cleveref Info: loaded `english' language definitions on input line 42.
 [81]
LaTeX Font Info:    Font shape `T1/LinuxLibertineT-OsF/m/sc' will be
(Font)              scaled to size 12.0pt on input line 45.
 [82






]
(C:/Users/Floris/Documents/interlanguage/04_mirrors/id/advanced-optimization-co
nvex-analysis-id/authority/habring/build-arxiv-2607.11664v1\Convopt_notes.aux
Package cleveref Info: loaded `english' language definitions on input line 14.

(C:/Users/Floris/Documents/interlanguage/04_mirrors/id/advanced-optimization-co
nvex-analysis-id/authority/habring/build-arxiv-2607.11664v1\preface.aux)
(C:/Users/Floris/Documents/interlanguage/04_mirrors/id/advanced-optimization-co
nvex-analysis-id/authority/habring/build-arxiv-2607.11664v1\preliminaries.aux)
(C:/Users/Floris/Documents/interlanguage/04_mirrors/id/advanced-optimization-co
nvex-analysis-id/authority/habring/build-arxiv-2607.11664v1\convexity.aux)
(C:/Users/Floris/Documents/interlanguage/04_mirrors/id/advanced-optimization-co
nvex-analysis-id/authority/habring/build-arxiv-2607.11664v1\subgradient.aux)
(C:/Users/Floris/Documents/interlanguage/04_mirrors/id/advanced-optimization-co
nvex-analysis-id/authority/habring/build-arxiv-2607.11664v1\projected_subgradie
nt_method.aux)
(C:/Users/Floris/Documents/interlanguage/04_mirrors/id/advanced-optimization-co
nvex-analysis-id/authority/habring/build-arxiv-2607.11664v1\proximal_gradient.a
ux)
(C:/Users/Floris/Documents/interlanguage/04_mirrors/id/advanced-optimization-co
nvex-analysis-id/authority/habring/build-arxiv-2607.11664v1\acceleration.aux)
(C:/Users/Floris/Documents/interlanguage/04_mirrors/id/advanced-optimization-co
nvex-analysis-id/authority/habring/build-arxiv-2607.11664v1\duality.aux)
(C:/Users/Floris/Documents/interlanguage/04_mirrors/id/advanced-optimization-co
nvex-analysis-id/authority/habring/build-arxiv-2607.11664v1\stochastic.aux)
(C:/Users/Floris/Documents/interlanguage/04_mirrors/id/advanced-optimization-co
nvex-analysis-id/authority/habring/build-arxiv-2607.11664v1\optimal_transport.a
ux))
 ***********
LaTeX2e <2025-11-01>
L3 programming layer <2020/03/25>
 ***********


LaTeX Warning: There were multiply-defined labels.

Package logreq Info: Writing requests to 'Convopt_notes.run.xml'.
\openout1 = `Convopt_notes.run.xml'.

 ) 
Here is how much of TeX's memory you used:
 69135 strings out of 467691
 1577795 string characters out of 5414503
 2757535 words of memory out of 5000000
 96017 multiletter control sequences out of 15000+600000
 856202 words of font info for 509 fonts, out of 8000000 for 9000
 1141 hyphenation exceptions out of 8191
 122i,22n,154p,11233b,2447s stack positions out of 10000i,1000n,20000p,200000b,200000s

pdfTeX warning (dest): name{glo:ot} has been referenced but does not exist, rep
laced by a fixed one

<C:/Users/Floris/AppData/Local/Programs/MiKTeX/fonts/type1/public/newtx/Liberti
neMathMI.pfb><C:/Users/Floris/AppData/Local/Programs/MiKTeX/fonts/type1/public/
newtx/LibertineMathMI7.pfb><C:/Users/Floris/AppData/Local/Programs/MiKTeX/fonts
/type1/public/newtx/LibertineMathRM.pfb><C:/Users/Floris/AppData/Local/Programs
/MiKTeX/fonts/type1/public/libertine/LinBiolinumT.pfb><C:/Users/Floris/AppData/
Local/Programs/MiKTeX/fonts/type1/public/libertine/LinLibertineT.pfb><C:/Users/
Floris/AppData/Local/Programs/MiKTeX/fonts/type1/public/libertine/LinLibertineT
B.pfb><C:/Users/Floris/AppData/Local/Programs/MiKTeX/fonts/type1/public/liberti
ne/LinLibertineTI.pfb><C:/Users/Floris/AppData/Local/Programs/MiKTeX/fonts/type
1/public/newtx/NewTXMI.pfb><C:/Users/Floris/AppData/Local/Programs/MiKTeX/fonts
/type1/public/newtx/txexas.pfb><C:/Users/Floris/AppData/Local/Programs/MiKTeX/f
onts/type1/public/newtx/txexs.pfb><C:/Users/Floris/AppData/Local/Programs/MiKTe
X/fonts/type1/public/newtx/txmiaSTbb.pfb><C:/Users/Floris/AppData/Local/Program
s/MiKTeX/fonts/type1/public/newtx/txmiaX.pfb><C:/Users/Floris/AppData/Local/Pro
grams/MiKTeX/fonts/type1/public/txfonts/txsyc.pfb><C:/Users/Floris/AppData/Loca
l/Programs/MiKTeX/fonts/type1/public/newtx/txsym.pfb><C:/Users/Floris/AppData/L
ocal/Programs/MiKTeX/fonts/type1/public/newtx/txsys.pfb>
Output written on C:/Users\Floris\Documents\interlanguage\04_mirrors\id\advance
d-optimization-convex-analysis-id\authority\habring\build-arxiv-2607.11664v1\Co
nvopt_notes.pdf (84 pages, 987791 bytes).
PDF statistics:
 1471 PDF objects out of 1728 (max. 8388607)
 722 named destinations out of 1000 (max. 500000)
 87264 words of extra memory for PDF output out of 89155 (max. 10000000)

